route,blocks_snapshot,missing_in_clone,missing_pct,examples
/wednesday_ukradennaya_vesch,397,392,99,Уэнсдей. Украденная вещь - квест в Ростове-на-Дону ~ +7 (928) 216 3623 ~ Каталог квестов ~ Проведение праздников ~ Хоррор
/kvest_v_realnosti_zapad,322,195,61,+7 (928) 216 3623 ~ Каталог квестов ~ Проведение праздников ~ Хоррор ~ Отзывы
/kids,466,245,53,+7 (928) 216 3623 ~ Каталог квестов ~ КЛАССИЧЕСКИЕ КВЕСТЫ ~ Ограбление банка. Бумажный дом ~ Гарри и последний крестраж
/den-rozhdeniya-na-vr-arene,335,168,50,+7 (928) 216 3623 ~ Каталог квестов ~ Хоррор ~ Отзывы ~ Контакты
/den-rozhdeniya-uznik-azkabana,373,172,46,+7 (928) 216 3623 ~ Каталог квестов ~ Проведение праздников ~ КЛАССИЧЕСКИЕ КВЕСТЫ ~ Ограбление банка. Бумажный дом
/prazdnik-maxi,486,215,44,+7 (928) 216 3623 ~ Каталог квестов ~ Хоррор ~ Отзывы ~ Контакты
/vypusknoj-kalmar,254,77,30,Вам доступен бонус ~ +7 (928) 216-36-23 ~ Узнать цену ~ +7 (928) 216-36-23 ~ Выберите свой сценарий
/brawl_stars,337,69,20,+7 (928) 216 3623 ~ ⸬ Каталог квестов ~ ⸬ Проведение праздников ~ ⸬ Контакты ~ Гарри Поттер и чулан для мётел
/roblox-dors,399,66,17,+7 (928) 216 3623 ~ День Рождения в стиле Амонгас ~ _____ ~ _____ ~ _____
/minecraft,399,66,17,+7 (928) 216 3623 ~ День Рождения в стиле Амонгас ~ _____ ~ _____ ~ _____
/garri-potter-i-kubok-ognya,399,66,17,+7 (928) 216 3623 ~ День Рождения в стиле Амонгас ~ _____ ~ _____ ~ _____
/tekhasskaya-reznya-benzopiloj,397,64,16,+7 (928) 216 3623 ~ День Рождения в стиле Амонгас ~ _____ ~ _____ ~ _____
/pryatki_v_temnote,399,64,16,+7 (928) 216 3623 ~ День Рождения в стиле Амонгас ~ _____ ~ _____ ~ _____
/beguschij_v_labirinte,400,66,16,+7 (928) 216 3623 ~ День Рождения в стиле Амонгас ~ _____ ~ _____ ~ _____
/roblox,407,66,16,+7 (928) 216 3623 ~ День Рождения в стиле Амонгас ~ _____ ~ _____ ~ _____
/pryatki_kids,400,66,16,+7 (928) 216 3623 ~ День Рождения в стиле Амонгас ~ _____ ~ _____ ~ _____
/pryatki_portal,398,64,16,+7 (928) 216 3623 ~ День Рождения в стиле Амонгас ~ _____ ~ _____ ~ _____
/wednesday-poteryannaya-dusha,397,65,16,+7 (928) 216 3623 ~ День Рождения в стиле Амонгас ~ _____ ~ _____ ~ _____
/ono,396,59,15,+7 (928) 216 3623 ~ День Рождения в стиле Амонгас ~ _____ ~ _____ ~ _____
/igra_v_kalmara,399,59,15,+7 (928) 216 3623 ~ День Рождения в стиле Амонгас ~ _____ ~ _____ ~ _____
/zvonok,397,59,15,+7 (928) 216 3623 ~ День Рождения в стиле Амонгас ~ _____ ~ _____ ~ _____
/among_us,398,59,15,+7 (928) 216 3623 ~ День Рождения в стиле Амонгас ~ _____ ~ _____ ~ _____
/pobeg,331,48,15,+7 (928) 216 3623 ~ День Рождения в стиле Амонгас ~ _____ ~ _____ ~ _____
/portal-strike,361,52,14,+7 (928) 216 3623 ~ День Рождения в стиле Амонгас ~ _____ ~ _____ ~ _____
/portal-zombie,360,52,14,+7 (928) 216 3623 ~ День Рождения в стиле Амонгас ~ _____ ~ _____ ~ _____
/party-games,360,52,14,+7 (928) 216 3623 ~ День Рождения в стиле Амонгас ~ _____ ~ _____ ~ _____
/portal-strike-kids,359,52,14,+7 (928) 216 3623 ~ День Рождения в стиле Амонгас ~ _____ ~ _____ ~ _____
/kvest_v_realnosti_garri_potter_,334,48,14,+7 (928) 216 3623 ~ День Рождения в стиле Амонгас ~ _____ ~ _____ ~ _____
/kvest_v_realnosti_dom_prizrakov,338,48,14,+7 (928) 216 3623 ~ День Рождения в стиле Амонгас ~ _____ ~ _____ ~ _____
/kvest_v_realnosti_koralina,335,47,14,+7 (928) 216 3623 ~ День Рождения в стиле Амонгас ~ _____ ~ _____ ~ _____
/kvest_v_realnosti_sherlock_holms,332,48,14,+7 (928) 216 3623 ~ День Рождения в стиле Амонгас ~ _____ ~ _____ ~ _____
/kvest_v_realnosti_psihbolnitsa,341,47,14,+7 (928) 216 3623 ~ День Рождения в стиле Амонгас ~ _____ ~ _____ ~ _____
/kvest_v_realnosti_ograblenie_banka_bumazhniy_dom,333,48,14,+7 (928) 216 3623 ~ День Рождения в стиле Амонгас ~ _____ ~ _____ ~ _____
/kvest_v_realnosti_harry_potter_i_krestrazh,332,48,14,+7 (928) 216 3623 ~ День Рождения в стиле Амонгас ~ _____ ~ _____ ~ _____
/kvest_v_realnosti_zamok_drakuly,340,47,14,+7 (928) 216 3623 ~ День Рождения в стиле Амонгас ~ _____ ~ _____ ~ _____
/puteshestvie,333,47,14,+7 (928) 216 3623 ~ День Рождения в стиле Амонгас ~ _____ ~ _____ ~ _____
/kvest_v_realnosti_wednesday,333,47,14,+7 (928) 216 3623 ~ День Рождения в стиле Амонгас ~ _____ ~ _____ ~ _____
/kvest_v_realnosti_noch_v_museum_ograblenie,332,48,14,+7 (928) 216 3623 ~ День Рождения в стиле Амонгас ~ _____ ~ _____ ~ _____
/indiana,331,46,14,+7 (928) 216 3623 ~ День Рождения в стиле Амонгас ~ _____ ~ _____ ~ _____
/pirati,329,47,14,+7 (928) 216 3623 ~ День Рождения в стиле Амонгас ~ _____ ~ _____ ~ _____
/ugon,332,47,14,+7 (928) 216 3623 ~ День Рождения в стиле Амонгас ~ _____ ~ _____ ~ _____
/mystery_shack,328,47,14,+7 (928) 216 3623 ~ День Рождения в стиле Амонгас ~ _____ ~ _____ ~ _____
/shizofreniya,324,44,14,+7 (928) 216 3623 ~ День Рождения в стиле Амонгас ~ _____ ~ _____ ~ _____
/hostel-podval-pytok,324,44,14,+7 (928) 216 3623 ~ День Рождения в стиле Амонгас ~ _____ ~ _____ ~ _____
/patologiya,322,44,14,+7 (928) 216 3623 ~ День Рождения в стиле Амонгас ~ _____ ~ _____ ~ _____
/kvest_v_realnosti_fantom,331,44,13,+7 (928) 216 3623 ~ День Рождения в стиле Амонгас ~ _____ ~ _____ ~ _____
/strashnye-kvesty,308,25,8,+7 (928) 216 3623 ~ День Рождения в стиле Амонгас ~ _____ ~ _____ ~ _____
/contacts,265,20,8,+7 (928) 216 3623 ~ День Рождения в стиле Амонгас ~ _____ ~ _____ ~ _____
/40letpobedy216,334,23,7,+7 (928) 216 3623 ~ День Рождения в стиле Амонгас ~ _____ ~ _____ ~ _____
/magnitogorskaya1,331,22,7,+7 (928) 216 3623 ~ День Рождения в стиле Амонгас ~ _____ ~ _____ ~ _____
/guardeskypereulog61,287,18,6,+7 (928) 216 3623 ~ День Рождения в стиле Амонгас ~ _____ ~ _____ ~ _____
/sokolova23,287,16,6,+7 (928) 216 3623 ~ День Рождения в стиле Амонгас ~ _____ ~ _____ ~ _____
/krasnormerskaya103,290,16,6,+7 (928) 216 3623 ~ День Рождения в стиле Амонгас ~ _____ ~ _____ ~ _____
/socialicheskaya186,284,16,6,+7 (928) 216 3623 ~ День Рождения в стиле Амонгас ~ _____ ~ _____ ~ _____
/nansena107,266,16,6,+7 (928) 216 3623 ~ День Рождения в стиле Амонгас ~ _____ ~ _____ ~ _____
/nagibina14,296,16,5,+7 (928) 216 3623 ~ День Рождения в стиле Амонгас ~ _____ ~ _____ ~ _____
/mira27,264,14,5,+7 (928) 216 3623 ~ День Рождения в стиле Амонгас ~ _____ ~ _____ ~ _____
