url,section,что_не_так,почему_нельзя,что_вместо
/,Tilda map (controlled capture),Live встраивает интерактивную стороннюю карту.,Сторонняя карта нарушает zero-external-requests и даёт недетерминированный результат.,Локальная LazyMap с явной активацией пользователем.
/,Tilda reviews widget (controlled capture),Live reviews-widget получает внешние данные и меняет состав/порядок карточек.,Внешний виджет не допускается в статическом clone и не имеет стабильного снимка.,Локальный snapshot отзывов без внешних запросов.
/40letpobedy216/,Tilda map (controlled capture),Live встраивает интерактивную стороннюю карту.,Сторонняя карта нарушает zero-external-requests и даёт недетерминированный результат.,Локальная LazyMap с явной активацией пользователем.
/40letpobedy216/,Tilda reviews widget (controlled capture),Live reviews-widget получает внешние данные и меняет состав/порядок карточек.,Внешний виджет не допускается в статическом clone и не имеет стабильного снимка.,Локальный snapshot отзывов без внешних запросов.
/among_us/,Tilda booking / lead widget (controlled capture),Live использует удалённый календарь или lead-widget; его состояние и служебный текст зависят от внешнего сервиса.,Статический clone обязан работать без внешних запросов и не может воспроизводить нестабильный удалённый интерфейс.,Локальная PrebookingForm или PartyForm с тем же действием заявки.
/among_us/,Tilda map (controlled capture),Live встраивает интерактивную стороннюю карту.,Сторонняя карта нарушает zero-external-requests и даёт недетерминированный результат.,Локальная LazyMap с явной активацией пользователем.
/amongus-land/,Tilda map (controlled capture),Live встраивает интерактивную стороннюю карту.,Сторонняя карта нарушает zero-external-requests и даёт недетерминированный результат.,Локальная LazyMap с явной активацией пользователем.
/amongus-land/,Tilda reviews widget (controlled capture),Live reviews-widget получает внешние данные и меняет состав/порядок карточек.,Внешний виджет не допускается в статическом clone и не имеет стабильного снимка.,Локальный snapshot отзывов без внешних запросов.
/beguschij_v_labirinte/,Tilda booking / lead widget (controlled capture),Live использует удалённый календарь или lead-widget; его состояние и служебный текст зависят от внешнего сервиса.,Статический clone обязан работать без внешних запросов и не может воспроизводить нестабильный удалённый интерфейс.,Локальная PrebookingForm или PartyForm с тем же действием заявки.
/beguschij_v_labirinte/,Tilda map (controlled capture),Live встраивает интерактивную стороннюю карту.,Сторонняя карта нарушает zero-external-requests и даёт недетерминированный результат.,Локальная LazyMap с явной активацией пользователем.
/brawl_stars/,Tilda booking / lead widget (controlled capture),Live использует удалённый календарь или lead-widget; его состояние и служебный текст зависят от внешнего сервиса.,Статический clone обязан работать без внешних запросов и не может воспроизводить нестабильный удалённый интерфейс.,Локальная PrebookingForm или PartyForm с тем же действием заявки.
/brawl_stars/,Tilda map (controlled capture),Live встраивает интерактивную стороннюю карту.,Сторонняя карта нарушает zero-external-requests и даёт недетерминированный результат.,Локальная LazyMap с явной активацией пользователем.
/contacts/,Tilda map (controlled capture),Live встраивает интерактивную стороннюю карту.,Сторонняя карта нарушает zero-external-requests и даёт недетерминированный результат.,Локальная LazyMap с явной активацией пользователем.
/den-rozhdeniya-na-vr-arene/,Tilda map (controlled capture),Live встраивает интерактивную стороннюю карту.,Сторонняя карта нарушает zero-external-requests и даёт недетерминированный результат.,Локальная LazyMap с явной активацией пользователем.
/den-rozhdeniya-na-vr-arene/,Tilda reviews widget (controlled capture),Live reviews-widget получает внешние данные и меняет состав/порядок карточек.,Внешний виджет не допускается в статическом clone и не имеет стабильного снимка.,Локальный snapshot отзывов без внешних запросов.
/den-rozhdeniya-uznik-azkabana/,Tilda map (controlled capture),Live встраивает интерактивную стороннюю карту.,Сторонняя карта нарушает zero-external-requests и даёт недетерминированный результат.,Локальная LazyMap с явной активацией пользователем.
/den-rozhdeniya-uznik-azkabana/,Tilda reviews widget (controlled capture),Live reviews-widget получает внешние данные и меняет состав/порядок карточек.,Внешний виджет не допускается в статическом clone и не имеет стабильного снимка.,Локальный snapshot отзывов без внешних запросов.
/garri-potter-i-kubok-ognya/,Tilda booking / lead widget (controlled capture),Live использует удалённый календарь или lead-widget; его состояние и служебный текст зависят от внешнего сервиса.,Статический clone обязан работать без внешних запросов и не может воспроизводить нестабильный удалённый интерфейс.,Локальная PrebookingForm или PartyForm с тем же действием заявки.
/garri-potter-i-kubok-ognya/,Tilda map (controlled capture),Live встраивает интерактивную стороннюю карту.,Сторонняя карта нарушает zero-external-requests и даёт недетерминированный результат.,Локальная LazyMap с явной активацией пользователем.
/guardeskypereulog61/,Tilda map (controlled capture),Live встраивает интерактивную стороннюю карту.,Сторонняя карта нарушает zero-external-requests и даёт недетерминированный результат.,Локальная LazyMap с явной активацией пользователем.
/guardeskypereulog61/,Tilda reviews widget (controlled capture),Live reviews-widget получает внешние данные и меняет состав/порядок карточек.,Внешний виджет не допускается в статическом clone и не имеет стабильного снимка.,Локальный snapshot отзывов без внешних запросов.
/hostel-podval-pytok/,Tilda booking / lead widget (controlled capture),Live использует удалённый календарь или lead-widget; его состояние и служебный текст зависят от внешнего сервиса.,Статический clone обязан работать без внешних запросов и не может воспроизводить нестабильный удалённый интерфейс.,Локальная PrebookingForm или PartyForm с тем же действием заявки.
/hostel-podval-pytok/,Tilda map (controlled capture),Live встраивает интерактивную стороннюю карту.,Сторонняя карта нарушает zero-external-requests и даёт недетерминированный результат.,Локальная LazyMap с явной активацией пользователем.
/igra_v_kalmara/,Tilda booking / lead widget (controlled capture),Live использует удалённый календарь или lead-widget; его состояние и служебный текст зависят от внешнего сервиса.,Статический clone обязан работать без внешних запросов и не может воспроизводить нестабильный удалённый интерфейс.,Локальная PrebookingForm или PartyForm с тем же действием заявки.
/igra_v_kalmara/,Tilda map (controlled capture),Live встраивает интерактивную стороннюю карту.,Сторонняя карта нарушает zero-external-requests и даёт недетерминированный результат.,Локальная LazyMap с явной активацией пользователем.
/igra-v-kalmara-lend/,Tilda map (controlled capture),Live встраивает интерактивную стороннюю карту.,Сторонняя карта нарушает zero-external-requests и даёт недетерминированный результат.,Локальная LazyMap с явной активацией пользователем.
/igra-v-kalmara-lend/,Tilda reviews widget (controlled capture),Live reviews-widget получает внешние данные и меняет состав/порядок карточек.,Внешний виджет не допускается в статическом clone и не имеет стабильного снимка.,Локальный snapshot отзывов без внешних запросов.
/indiana/,Tilda booking / lead widget (controlled capture),Live использует удалённый календарь или lead-widget; его состояние и служебный текст зависят от внешнего сервиса.,Статический clone обязан работать без внешних запросов и не может воспроизводить нестабильный удалённый интерфейс.,Локальная PrebookingForm или PartyForm с тем же действием заявки.
/indiana/,Tilda map (controlled capture),Live встраивает интерактивную стороннюю карту.,Сторонняя карта нарушает zero-external-requests и даёт недетерминированный результат.,Локальная LazyMap с явной активацией пользователем.
/kids/,Tilda map (controlled capture),Live встраивает интерактивную стороннюю карту.,Сторонняя карта нарушает zero-external-requests и даёт недетерминированный результат.,Локальная LazyMap с явной активацией пользователем.
/kids/,Tilda reviews widget (controlled capture),Live reviews-widget получает внешние данные и меняет состав/порядок карточек.,Внешний виджет не допускается в статическом clone и не имеет стабильного снимка.,Локальный snapshot отзывов без внешних запросов.
/krasnormerskaya103/,Tilda map (controlled capture),Live встраивает интерактивную стороннюю карту.,Сторонняя карта нарушает zero-external-requests и даёт недетерминированный результат.,Локальная LazyMap с явной активацией пользователем.
/krasnormerskaya103/,Tilda reviews widget (controlled capture),Live reviews-widget получает внешние данные и меняет состав/порядок карточек.,Внешний виджет не допускается в статическом clone и не имеет стабильного снимка.,Локальный snapshot отзывов без внешних запросов.
/kvest_v_realnosti_dom_prizrakov/,Tilda booking / lead widget (controlled capture),Live использует удалённый календарь или lead-widget; его состояние и служебный текст зависят от внешнего сервиса.,Статический clone обязан работать без внешних запросов и не может воспроизводить нестабильный удалённый интерфейс.,Локальная PrebookingForm или PartyForm с тем же действием заявки.
/kvest_v_realnosti_dom_prizrakov/,Tilda map (controlled capture),Live встраивает интерактивную стороннюю карту.,Сторонняя карта нарушает zero-external-requests и даёт недетерминированный результат.,Локальная LazyMap с явной активацией пользователем.
/kvest_v_realnosti_fantom/,Tilda booking / lead widget (controlled capture),Live использует удалённый календарь или lead-widget; его состояние и служебный текст зависят от внешнего сервиса.,Статический clone обязан работать без внешних запросов и не может воспроизводить нестабильный удалённый интерфейс.,Локальная PrebookingForm или PartyForm с тем же действием заявки.
/kvest_v_realnosti_fantom/,Tilda map (controlled capture),Live встраивает интерактивную стороннюю карту.,Сторонняя карта нарушает zero-external-requests и даёт недетерминированный результат.,Локальная LazyMap с явной активацией пользователем.
/kvest_v_realnosti_garri_potter_/,Tilda booking / lead widget (controlled capture),Live использует удалённый календарь или lead-widget; его состояние и служебный текст зависят от внешнего сервиса.,Статический clone обязан работать без внешних запросов и не может воспроизводить нестабильный удалённый интерфейс.,Локальная PrebookingForm или PartyForm с тем же действием заявки.
/kvest_v_realnosti_garri_potter_/,Tilda map (controlled capture),Live встраивает интерактивную стороннюю карту.,Сторонняя карта нарушает zero-external-requests и даёт недетерминированный результат.,Локальная LazyMap с явной активацией пользователем.
/kvest_v_realnosti_harry_potter_i_krestrazh/,Tilda booking / lead widget (controlled capture),Live использует удалённый календарь или lead-widget; его состояние и служебный текст зависят от внешнего сервиса.,Статический clone обязан работать без внешних запросов и не может воспроизводить нестабильный удалённый интерфейс.,Локальная PrebookingForm или PartyForm с тем же действием заявки.
/kvest_v_realnosti_harry_potter_i_krestrazh/,Tilda map (controlled capture),Live встраивает интерактивную стороннюю карту.,Сторонняя карта нарушает zero-external-requests и даёт недетерминированный результат.,Локальная LazyMap с явной активацией пользователем.
/kvest_v_realnosti_koralina/,Tilda booking / lead widget (controlled capture),Live использует удалённый календарь или lead-widget; его состояние и служебный текст зависят от внешнего сервиса.,Статический clone обязан работать без внешних запросов и не может воспроизводить нестабильный удалённый интерфейс.,Локальная PrebookingForm или PartyForm с тем же действием заявки.
/kvest_v_realnosti_koralina/,Tilda map (controlled capture),Live встраивает интерактивную стороннюю карту.,Сторонняя карта нарушает zero-external-requests и даёт недетерминированный результат.,Локальная LazyMap с явной активацией пользователем.
/kvest_v_realnosti_noch_v_museum_ograblenie/,Tilda booking / lead widget (controlled capture),Live использует удалённый календарь или lead-widget; его состояние и служебный текст зависят от внешнего сервиса.,Статический clone обязан работать без внешних запросов и не может воспроизводить нестабильный удалённый интерфейс.,Локальная PrebookingForm или PartyForm с тем же действием заявки.
/kvest_v_realnosti_noch_v_museum_ograblenie/,Tilda map (controlled capture),Live встраивает интерактивную стороннюю карту.,Сторонняя карта нарушает zero-external-requests и даёт недетерминированный результат.,Локальная LazyMap с явной активацией пользователем.
/kvest_v_realnosti_ograblenie_banka_bumazhniy_dom/,Tilda booking / lead widget (controlled capture),Live использует удалённый календарь или lead-widget; его состояние и служебный текст зависят от внешнего сервиса.,Статический clone обязан работать без внешних запросов и не может воспроизводить нестабильный удалённый интерфейс.,Локальная PrebookingForm или PartyForm с тем же действием заявки.
/kvest_v_realnosti_ograblenie_banka_bumazhniy_dom/,Tilda map (controlled capture),Live встраивает интерактивную стороннюю карту.,Сторонняя карта нарушает zero-external-requests и даёт недетерминированный результат.,Локальная LazyMap с явной активацией пользователем.
/kvest_v_realnosti_psihbolnitsa/,Tilda booking / lead widget (controlled capture),Live использует удалённый календарь или lead-widget; его состояние и служебный текст зависят от внешнего сервиса.,Статический clone обязан работать без внешних запросов и не может воспроизводить нестабильный удалённый интерфейс.,Локальная PrebookingForm или PartyForm с тем же действием заявки.
/kvest_v_realnosti_psihbolnitsa/,Tilda map (controlled capture),Live встраивает интерактивную стороннюю карту.,Сторонняя карта нарушает zero-external-requests и даёт недетерминированный результат.,Локальная LazyMap с явной активацией пользователем.
/kvest_v_realnosti_sherlock_holms/,Tilda booking / lead widget (controlled capture),Live использует удалённый календарь или lead-widget; его состояние и служебный текст зависят от внешнего сервиса.,Статический clone обязан работать без внешних запросов и не может воспроизводить нестабильный удалённый интерфейс.,Локальная PrebookingForm или PartyForm с тем же действием заявки.
/kvest_v_realnosti_sherlock_holms/,Tilda map (controlled capture),Live встраивает интерактивную стороннюю карту.,Сторонняя карта нарушает zero-external-requests и даёт недетерминированный результат.,Локальная LazyMap с явной активацией пользователем.
/kvest_v_realnosti_wednesday/,Tilda booking / lead widget (controlled capture),Live использует удалённый календарь или lead-widget; его состояние и служебный текст зависят от внешнего сервиса.,Статический clone обязан работать без внешних запросов и не может воспроизводить нестабильный удалённый интерфейс.,Локальная PrebookingForm или PartyForm с тем же действием заявки.
/kvest_v_realnosti_wednesday/,Tilda map (controlled capture),Live встраивает интерактивную стороннюю карту.,Сторонняя карта нарушает zero-external-requests и даёт недетерминированный результат.,Локальная LazyMap с явной активацией пользователем.
/kvest_v_realnosti_zamok_drakuly/,Tilda booking / lead widget (controlled capture),Live использует удалённый календарь или lead-widget; его состояние и служебный текст зависят от внешнего сервиса.,Статический clone обязан работать без внешних запросов и не может воспроизводить нестабильный удалённый интерфейс.,Локальная PrebookingForm или PartyForm с тем же действием заявки.
/kvest_v_realnosti_zamok_drakuly/,Tilda map (controlled capture),Live встраивает интерактивную стороннюю карту.,Сторонняя карта нарушает zero-external-requests и даёт недетерминированный результат.,Локальная LazyMap с явной активацией пользователем.
/kvest_v_realnosti_zapad/,Tilda booking / lead widget (controlled capture),Live использует удалённый календарь или lead-widget; его состояние и служебный текст зависят от внешнего сервиса.,Статический clone обязан работать без внешних запросов и не может воспроизводить нестабильный удалённый интерфейс.,Локальная PrebookingForm или PartyForm с тем же действием заявки.
/kvest_v_realnosti_zapad/,Tilda map (controlled capture),Live встраивает интерактивную стороннюю карту.,Сторонняя карта нарушает zero-external-requests и даёт недетерминированный результат.,Локальная LazyMap с явной активацией пользователем.
/magnitogorskaya1/,Tilda map (controlled capture),Live встраивает интерактивную стороннюю карту.,Сторонняя карта нарушает zero-external-requests и даёт недетерминированный результат.,Локальная LazyMap с явной активацией пользователем.
/magnitogorskaya1/,Tilda reviews widget (controlled capture),Live reviews-widget получает внешние данные и меняет состав/порядок карточек.,Внешний виджет не допускается в статическом clone и не имеет стабильного снимка.,Локальный snapshot отзывов без внешних запросов.
/minecraft-lend/,Tilda map (controlled capture),Live встраивает интерактивную стороннюю карту.,Сторонняя карта нарушает zero-external-requests и даёт недетерминированный результат.,Локальная LazyMap с явной активацией пользователем.
/minecraft-lend/,Tilda reviews widget (controlled capture),Live reviews-widget получает внешние данные и меняет состав/порядок карточек.,Внешний виджет не допускается в статическом clone и не имеет стабильного снимка.,Локальный snapshot отзывов без внешних запросов.
/minecraft/,Tilda booking / lead widget (controlled capture),Live использует удалённый календарь или lead-widget; его состояние и служебный текст зависят от внешнего сервиса.,Статический clone обязан работать без внешних запросов и не может воспроизводить нестабильный удалённый интерфейс.,Локальная PrebookingForm или PartyForm с тем же действием заявки.
/minecraft/,Tilda map (controlled capture),Live встраивает интерактивную стороннюю карту.,Сторонняя карта нарушает zero-external-requests и даёт недетерминированный результат.,Локальная LazyMap с явной активацией пользователем.
/mira27/,Tilda map (controlled capture),Live встраивает интерактивную стороннюю карту.,Сторонняя карта нарушает zero-external-requests и даёт недетерминированный результат.,Локальная LazyMap с явной активацией пользователем.
/mira27/,Tilda reviews widget (controlled capture),Live reviews-widget получает внешние данные и меняет состав/порядок карточек.,Внешний виджет не допускается в статическом clone и не имеет стабильного снимка.,Локальный snapshot отзывов без внешних запросов.
/mystery_shack/,Tilda booking / lead widget (controlled capture),Live использует удалённый календарь или lead-widget; его состояние и служебный текст зависят от внешнего сервиса.,Статический clone обязан работать без внешних запросов и не может воспроизводить нестабильный удалённый интерфейс.,Локальная PrebookingForm или PartyForm с тем же действием заявки.
/mystery_shack/,Tilda map (controlled capture),Live встраивает интерактивную стороннюю карту.,Сторонняя карта нарушает zero-external-requests и даёт недетерминированный результат.,Локальная LazyMap с явной активацией пользователем.
/nagibina14/,Tilda map (controlled capture),Live встраивает интерактивную стороннюю карту.,Сторонняя карта нарушает zero-external-requests и даёт недетерминированный результат.,Локальная LazyMap с явной активацией пользователем.
/nagibina14/,Tilda reviews widget (controlled capture),Live reviews-widget получает внешние данные и меняет состав/порядок карточек.,Внешний виджет не допускается в статическом clone и не имеет стабильного снимка.,Локальный snapshot отзывов без внешних запросов.
/nansena107/,Tilda map (controlled capture),Live встраивает интерактивную стороннюю карту.,Сторонняя карта нарушает zero-external-requests и даёт недетерминированный результат.,Локальная LazyMap с явной активацией пользователем.
/nansena107/,Tilda reviews widget (controlled capture),Live reviews-widget получает внешние данные и меняет состав/порядок карточек.,Внешний виджет не допускается в статическом clone и не имеет стабильного снимка.,Локальный snapshot отзывов без внешних запросов.
/new-year/,Tilda map (controlled capture),Live встраивает интерактивную стороннюю карту.,Сторонняя карта нарушает zero-external-requests и даёт недетерминированный результат.,Локальная LazyMap с явной активацией пользователем.
/new-year/,Tilda reviews widget (controlled capture),Live reviews-widget получает внешние данные и меняет состав/порядок карточек.,Внешний виджет не допускается в статическом clone и не имеет стабильного снимка.,Локальный snapshot отзывов без внешних запросов.
/ono/,Tilda booking / lead widget (controlled capture),Live использует удалённый календарь или lead-widget; его состояние и служебный текст зависят от внешнего сервиса.,Статический clone обязан работать без внешних запросов и не может воспроизводить нестабильный удалённый интерфейс.,Локальная PrebookingForm или PartyForm с тем же действием заявки.
/ono/,Tilda map (controlled capture),Live встраивает интерактивную стороннюю карту.,Сторонняя карта нарушает zero-external-requests и даёт недетерминированный результат.,Локальная LazyMap с явной активацией пользователем.
/party-games/,Tilda booking / lead widget (controlled capture),Live использует удалённый календарь или lead-widget; его состояние и служебный текст зависят от внешнего сервиса.,Статический clone обязан работать без внешних запросов и не может воспроизводить нестабильный удалённый интерфейс.,Локальная PrebookingForm или PartyForm с тем же действием заявки.
/party-games/,Tilda map (controlled capture),Live встраивает интерактивную стороннюю карту.,Сторонняя карта нарушает zero-external-requests и даёт недетерминированный результат.,Локальная LazyMap с явной активацией пользователем.
/patologiya/,Tilda booking / lead widget (controlled capture),Live использует удалённый календарь или lead-widget; его состояние и служебный текст зависят от внешнего сервиса.,Статический clone обязан работать без внешних запросов и не может воспроизводить нестабильный удалённый интерфейс.,Локальная PrebookingForm или PartyForm с тем же действием заявки.
/patologiya/,Tilda map (controlled capture),Live встраивает интерактивную стороннюю карту.,Сторонняя карта нарушает zero-external-requests и даёт недетерминированный результат.,Локальная LazyMap с явной активацией пользователем.
/pirati/,Tilda booking / lead widget (controlled capture),Live использует удалённый календарь или lead-widget; его состояние и служебный текст зависят от внешнего сервиса.,Статический clone обязан работать без внешних запросов и не может воспроизводить нестабильный удалённый интерфейс.,Локальная PrebookingForm или PartyForm с тем же действием заявки.
/pirati/,Tilda map (controlled capture),Live встраивает интерактивную стороннюю карту.,Сторонняя карта нарушает zero-external-requests и даёт недетерминированный результат.,Локальная LazyMap с явной активацией пользователем.
/pobeg/,Tilda booking / lead widget (controlled capture),Live использует удалённый календарь или lead-widget; его состояние и служебный текст зависят от внешнего сервиса.,Статический clone обязан работать без внешних запросов и не может воспроизводить нестабильный удалённый интерфейс.,Локальная PrebookingForm или PartyForm с тем же действием заявки.
/pobeg/,Tilda map (controlled capture),Live встраивает интерактивную стороннюю карту.,Сторонняя карта нарушает zero-external-requests и даёт недетерминированный результат.,Локальная LazyMap с явной активацией пользователем.
/portal-strike-kids/,Tilda booking / lead widget (controlled capture),Live использует удалённый календарь или lead-widget; его состояние и служебный текст зависят от внешнего сервиса.,Статический clone обязан работать без внешних запросов и не может воспроизводить нестабильный удалённый интерфейс.,Локальная PrebookingForm или PartyForm с тем же действием заявки.
/portal-strike-kids/,Tilda map (controlled capture),Live встраивает интерактивную стороннюю карту.,Сторонняя карта нарушает zero-external-requests и даёт недетерминированный результат.,Локальная LazyMap с явной активацией пользователем.
/portal-strike/,Tilda booking / lead widget (controlled capture),Live использует удалённый календарь или lead-widget; его состояние и служебный текст зависят от внешнего сервиса.,Статический clone обязан работать без внешних запросов и не может воспроизводить нестабильный удалённый интерфейс.,Локальная PrebookingForm или PartyForm с тем же действием заявки.
/portal-strike/,Tilda map (controlled capture),Live встраивает интерактивную стороннюю карту.,Сторонняя карта нарушает zero-external-requests и даёт недетерминированный результат.,Локальная LazyMap с явной активацией пользователем.
/portal-zombie/,Tilda booking / lead widget (controlled capture),Live использует удалённый календарь или lead-widget; его состояние и служебный текст зависят от внешнего сервиса.,Статический clone обязан работать без внешних запросов и не может воспроизводить нестабильный удалённый интерфейс.,Локальная PrebookingForm или PartyForm с тем же действием заявки.
/portal-zombie/,Tilda map (controlled capture),Live встраивает интерактивную стороннюю карту.,Сторонняя карта нарушает zero-external-requests и даёт недетерминированный результат.,Локальная LazyMap с явной активацией пользователем.
/prazdnik-maxi/,Tilda map (controlled capture),Live встраивает интерактивную стороннюю карту.,Сторонняя карта нарушает zero-external-requests и даёт недетерминированный результат.,Локальная LazyMap с явной активацией пользователем.
/prazdnik-maxi/,Tilda reviews widget (controlled capture),Live reviews-widget получает внешние данные и меняет состав/порядок карточек.,Внешний виджет не допускается в статическом clone и не имеет стабильного снимка.,Локальный snapshot отзывов без внешних запросов.
/prazdniki-pod-kluch/,Tilda map (controlled capture),Live встраивает интерактивную стороннюю карту.,Сторонняя карта нарушает zero-external-requests и даёт недетерминированный результат.,Локальная LazyMap с явной активацией пользователем.
/prazdniki-pod-kluch/,Tilda reviews widget (controlled capture),Live reviews-widget получает внешние данные и меняет состав/порядок карточек.,Внешний виджет не допускается в статическом clone и не имеет стабильного снимка.,Локальный snapshot отзывов без внешних запросов.
/privacy/,Tilda map (controlled capture),Live встраивает интерактивную стороннюю карту.,Сторонняя карта нарушает zero-external-requests и даёт недетерминированный результат.,Локальная LazyMap с явной активацией пользователем.
/pryatki_kids/,Tilda booking / lead widget (controlled capture),Live использует удалённый календарь или lead-widget; его состояние и служебный текст зависят от внешнего сервиса.,Статический clone обязан работать без внешних запросов и не может воспроизводить нестабильный удалённый интерфейс.,Локальная PrebookingForm или PartyForm с тем же действием заявки.
/pryatki_kids/,Tilda map (controlled capture),Live встраивает интерактивную стороннюю карту.,Сторонняя карта нарушает zero-external-requests и даёт недетерминированный результат.,Локальная LazyMap с явной активацией пользователем.
/pryatki_portal/,Tilda booking / lead widget (controlled capture),Live использует удалённый календарь или lead-widget; его состояние и служебный текст зависят от внешнего сервиса.,Статический clone обязан работать без внешних запросов и не может воспроизводить нестабильный удалённый интерфейс.,Локальная PrebookingForm или PartyForm с тем же действием заявки.
/pryatki_portal/,Tilda map (controlled capture),Live встраивает интерактивную стороннюю карту.,Сторонняя карта нарушает zero-external-requests и даёт недетерминированный результат.,Локальная LazyMap с явной активацией пользователем.
/pryatki_v_temnote/,Tilda booking / lead widget (controlled capture),Live использует удалённый календарь или lead-widget; его состояние и служебный текст зависят от внешнего сервиса.,Статический clone обязан работать без внешних запросов и не может воспроизводить нестабильный удалённый интерфейс.,Локальная PrebookingForm или PartyForm с тем же действием заявки.
/pryatki_v_temnote/,Tilda map (controlled capture),Live встраивает интерактивную стороннюю карту.,Сторонняя карта нарушает zero-external-requests и даёт недетерминированный результат.,Локальная LazyMap с явной активацией пользователем.
/puteshestvie/,Tilda booking / lead widget (controlled capture),Live использует удалённый календарь или lead-widget; его состояние и служебный текст зависят от внешнего сервиса.,Статический clone обязан работать без внешних запросов и не может воспроизводить нестабильный удалённый интерфейс.,Локальная PrebookingForm или PartyForm с тем же действием заявки.
/puteshestvie/,Tilda map (controlled capture),Live встраивает интерактивную стороннюю карту.,Сторонняя карта нарушает zero-external-requests и даёт недетерминированный результат.,Локальная LazyMap с явной активацией пользователем.
/roblox-dors/,Tilda booking / lead widget (controlled capture),Live использует удалённый календарь или lead-widget; его состояние и служебный текст зависят от внешнего сервиса.,Статический clone обязан работать без внешних запросов и не может воспроизводить нестабильный удалённый интерфейс.,Локальная PrebookingForm или PartyForm с тем же действием заявки.
/roblox-dors/,Tilda map (controlled capture),Live встраивает интерактивную стороннюю карту.,Сторонняя карта нарушает zero-external-requests и даёт недетерминированный результат.,Локальная LazyMap с явной активацией пользователем.
/roblox-land/,Tilda map (controlled capture),Live встраивает интерактивную стороннюю карту.,Сторонняя карта нарушает zero-external-requests и даёт недетерминированный результат.,Локальная LazyMap с явной активацией пользователем.
/roblox-land/,Tilda reviews widget (controlled capture),Live reviews-widget получает внешние данные и меняет состав/порядок карточек.,Внешний виджет не допускается в статическом clone и не имеет стабильного снимка.,Локальный snapshot отзывов без внешних запросов.
/roblox/,Tilda booking / lead widget (controlled capture),Live использует удалённый календарь или lead-widget; его состояние и служебный текст зависят от внешнего сервиса.,Статический clone обязан работать без внешних запросов и не может воспроизводить нестабильный удалённый интерфейс.,Локальная PrebookingForm или PartyForm с тем же действием заявки.
/roblox/,Tilda map (controlled capture),Live встраивает интерактивную стороннюю карту.,Сторонняя карта нарушает zero-external-requests и даёт недетерминированный результат.,Локальная LazyMap с явной активацией пользователем.
/shizofreniya/,Tilda booking / lead widget (controlled capture),Live использует удалённый календарь или lead-widget; его состояние и служебный текст зависят от внешнего сервиса.,Статический clone обязан работать без внешних запросов и не может воспроизводить нестабильный удалённый интерфейс.,Локальная PrebookingForm или PartyForm с тем же действием заявки.
/shizofreniya/,Tilda map (controlled capture),Live встраивает интерактивную стороннюю карту.,Сторонняя карта нарушает zero-external-requests и даёт недетерминированный результат.,Локальная LazyMap с явной активацией пользователем.
/socialicheskaya186/,Tilda map (controlled capture),Live встраивает интерактивную стороннюю карту.,Сторонняя карта нарушает zero-external-requests и даёт недетерминированный результат.,Локальная LazyMap с явной активацией пользователем.
/socialicheskaya186/,Tilda reviews widget (controlled capture),Live reviews-widget получает внешние данные и меняет состав/порядок карточек.,Внешний виджет не допускается в статическом clone и не имеет стабильного снимка.,Локальный snapshot отзывов без внешних запросов.
/sokolova23/,Tilda map (controlled capture),Live встраивает интерактивную стороннюю карту.,Сторонняя карта нарушает zero-external-requests и даёт недетерминированный результат.,Локальная LazyMap с явной активацией пользователем.
/sokolova23/,Tilda reviews widget (controlled capture),Live reviews-widget получает внешние данные и меняет состав/порядок карточек.,Внешний виджет не допускается в статическом clone и не имеет стабильного снимка.,Локальный snapshot отзывов без внешних запросов.
/strashnye-kvesty/,Tilda map (controlled capture),Live встраивает интерактивную стороннюю карту.,Сторонняя карта нарушает zero-external-requests и даёт недетерминированный результат.,Локальная LazyMap с явной активацией пользователем.
/strashnye-kvesty/,Tilda reviews widget (controlled capture),Live reviews-widget получает внешние данные и меняет состав/порядок карточек.,Внешний виджет не допускается в статическом clone и не имеет стабильного снимка.,Локальный snapshot отзывов без внешних запросов.
/tekhasskaya-reznya-benzopiloj/,Tilda booking / lead widget (controlled capture),Live использует удалённый календарь или lead-widget; его состояние и служебный текст зависят от внешнего сервиса.,Статический clone обязан работать без внешних запросов и не может воспроизводить нестабильный удалённый интерфейс.,Локальная PrebookingForm или PartyForm с тем же действием заявки.
/tekhasskaya-reznya-benzopiloj/,Tilda map (controlled capture),Live встраивает интерактивную стороннюю карту.,Сторонняя карта нарушает zero-external-requests и даёт недетерминированный результат.,Локальная LazyMap с явной активацией пользователем.
/ugon/,Tilda booking / lead widget (controlled capture),Live использует удалённый календарь или lead-widget; его состояние и служебный текст зависят от внешнего сервиса.,Статический clone обязан работать без внешних запросов и не может воспроизводить нестабильный удалённый интерфейс.,Локальная PrebookingForm или PartyForm с тем же действием заявки.
/ugon/,Tilda map (controlled capture),Live встраивает интерактивную стороннюю карту.,Сторонняя карта нарушает zero-external-requests и даёт недетерминированный результат.,Локальная LazyMap с явной активацией пользователем.
/vypusknoj-kalmar/,Tilda map (controlled capture),Live встраивает интерактивную стороннюю карту.,Сторонняя карта нарушает zero-external-requests и даёт недетерминированный результат.,Локальная LazyMap с явной активацией пользователем.
/vypusknoj-kalmar/,Tilda reviews widget (controlled capture),Live reviews-widget получает внешние данные и меняет состав/порядок карточек.,Внешний виджет не допускается в статическом clone и не имеет стабильного снимка.,Локальный snapshot отзывов без внешних запросов.
/wednesday-poteryannaya-dusha/,Tilda booking / lead widget (controlled capture),Live использует удалённый календарь или lead-widget; его состояние и служебный текст зависят от внешнего сервиса.,Статический clone обязан работать без внешних запросов и не может воспроизводить нестабильный удалённый интерфейс.,Локальная PrebookingForm или PartyForm с тем же действием заявки.
/wednesday-poteryannaya-dusha/,Tilda map (controlled capture),Live встраивает интерактивную стороннюю карту.,Сторонняя карта нарушает zero-external-requests и даёт недетерминированный результат.,Локальная LazyMap с явной активацией пользователем.
/zvonok/,Tilda booking / lead widget (controlled capture),Live использует удалённый календарь или lead-widget; его состояние и служебный текст зависят от внешнего сервиса.,Статический clone обязан работать без внешних запросов и не может воспроизводить нестабильный удалённый интерфейс.,Локальная PrebookingForm или PartyForm с тем же действием заявки.
/zvonok/,Tilda map (controlled capture),Live встраивает интерактивную стороннюю карту.,Сторонняя карта нарушает zero-external-requests и даёт недетерминированный результат.,Локальная LazyMap с явной активацией пользователем.
