url,http_orig,in_sitemap,hidden,route_clone,redirect_to,verdict,sources,http_location,fetch_error
https://xn--80aehcht5ci1b.xn--p1ai/,200,true,false,/,,ok,crawl|sitemap,,
https://xn--80aehcht5ci1b.xn--p1ai/40letpobedy216,200,true,false,/40letpobedy216/,,ok,crawl|sitemap,,
https://xn--80aehcht5ci1b.xn--p1ai/agent,200,false,true,,/contacts/,redirect_ok,crawl|hidden_csv|legacy_map|robots,,
https://xn--80aehcht5ci1b.xn--p1ai/agregator/bez-api-kvesthunter,200,false,true,,/kvesty-v-rostove-na-donu/,redirect_ok,crawl|hidden_csv|legacy_map|robots,,
https://xn--80aehcht5ci1b.xn--p1ai/agregator/bez-api-kvesttam,200,false,true,,/kvesty-v-rostove-na-donu/,redirect_ok,crawl|hidden_csv|legacy_map|robots,,
https://xn--80aehcht5ci1b.xn--p1ai/aimg,200,false,true,,/,redirect_ok,crawl|hidden_csv|legacy_map|robots,,
https://xn--80aehcht5ci1b.xn--p1ai/alcatraz,404,false,false,,,dead_orig,crawl,,
https://xn--80aehcht5ci1b.xn--p1ai/alias-block,200,false,true,,/,redirect_ok,crawl|hidden_csv|legacy_map|robots,,
https://xn--80aehcht5ci1b.xn--p1ai/alkatraz-hunter,200,false,true,,/kvesty-v-rostove-na-donu/,redirect_ok,crawl|hidden_csv|legacy_map|robots,,
https://xn--80aehcht5ci1b.xn--p1ai/alkatraz-kvesttam,200,false,true,,/kvesty-v-rostove-na-donu/,redirect_ok,crawl|hidden_csv|legacy_map|robots,,
https://xn--80aehcht5ci1b.xn--p1ai/among_us,200,true,false,/among_us/,,ok,crawl|sitemap,,
https://xn--80aehcht5ci1b.xn--p1ai/amongus-land,200,false,true,/amongus-land/,,ok,crawl|hidden_csv|legacy_map|robots,,
https://xn--80aehcht5ci1b.xn--p1ai/annabel-hunter,200,false,true,,/kvesty-v-rostove-na-donu/,redirect_ok,crawl|hidden_csv|legacy_map|robots,,
https://xn--80aehcht5ci1b.xn--p1ai/annabel-kvesttam,200,false,true,,/kvesty-v-rostove-na-donu/,redirect_ok,crawl|hidden_csv|legacy_map|robots,,
https://xn--80aehcht5ci1b.xn--p1ai/bank-hunter,200,false,true,,/kvest_v_realnosti_ograblenie_banka_bumazhniy_dom/,redirect_ok,crawl|hidden_csv|legacy_map|robots,,
https://xn--80aehcht5ci1b.xn--p1ai/bank-kvesttam,200,false,true,,/kvest_v_realnosti_ograblenie_banka_bumazhniy_dom/,redirect_ok,crawl|hidden_csv|legacy_map|robots,,
https://xn--80aehcht5ci1b.xn--p1ai/beguschij_v_labirinte,200,true,false,/beguschij_v_labirinte/,,ok,crawl|sitemap,,
https://xn--80aehcht5ci1b.xn--p1ai/brawl_stars,200,true,false,/brawl_stars/,,ok,crawl|sitemap,,
https://xn--80aehcht5ci1b.xn--p1ai/business12,404,false,true,,,dead_orig,robots,,
https://xn--80aehcht5ci1b.xn--p1ai/contacts,200,true,false,/contacts/,,ok,crawl|sitemap,,
https://xn--80aehcht5ci1b.xn--p1ai/cpsihbolnitsa,404,false,false,,,dead_orig,crawl,,
https://xn--80aehcht5ci1b.xn--p1ai/den-rozhdeniya-na-vr-arene,200,true,false,/den-rozhdeniya-na-vr-arene/,,ok,crawl|sitemap,,
https://xn--80aehcht5ci1b.xn--p1ai/den-rozhdeniya-uznik-azkabana,200,true,false,/den-rozhdeniya-uznik-azkabana/,,ok,crawl|sitemap,,
https://xn--80aehcht5ci1b.xn--p1ai/dikiy-hunter,200,false,true,,/kvest_v_realnosti_zapad/,redirect_ok,crawl|hidden_csv|legacy_map|robots,,
https://xn--80aehcht5ci1b.xn--p1ai/dikiy-kvesttam,200,false,true,,/kvest_v_realnosti_zapad/,redirect_ok,crawl|hidden_csv|legacy_map|robots,,
https://xn--80aehcht5ci1b.xn--p1ai/dr1,404,false,true,,,dead_orig,robots,,
https://xn--80aehcht5ci1b.xn--p1ai/drakula-kvesttam,200,false,true,,/kvest_v_realnosti_zamok_drakuly/,redirect_ok,crawl|hidden_csv|legacy_map|robots,,
https://xn--80aehcht5ci1b.xn--p1ai/error,200,false,true,,/,redirect_ok,crawl|hidden_csv|legacy_map|robots,,
https://xn--80aehcht5ci1b.xn--p1ai/fantom-hunter,200,false,true,,/kvest_v_realnosti_fantom/,redirect_ok,crawl|hidden_csv|legacy_map|robots,,
https://xn--80aehcht5ci1b.xn--p1ai/fantom-kvesttam,200,false,true,,/kvest_v_realnosti_fantom/,redirect_ok,crawl|hidden_csv|legacy_map|robots,,
https://xn--80aehcht5ci1b.xn--p1ai/garri-hunter,200,false,true,,/kvest_v_realnosti_garri_potter_/,redirect_ok,crawl|hidden_csv|legacy_map|robots,,
https://xn--80aehcht5ci1b.xn--p1ai/garri-kvesttam,200,false,true,,/kvest_v_realnosti_garri_potter_/,redirect_ok,crawl|hidden_csv|legacy_map|robots,,
https://xn--80aehcht5ci1b.xn--p1ai/garri-potter-i-kubok-ognya,200,true,false,/garri-potter-i-kubok-ognya/,,ok,crawl|sitemap,,
https://xn--80aehcht5ci1b.xn--p1ai/guardeskypereulog61,200,true,false,/guardeskypereulog61/,,ok,crawl|sitemap,,
https://xn--80aehcht5ci1b.xn--p1ai/header,200,false,true,,/,redirect_ok,crawl|hidden_csv|legacy_map|robots,,
https://xn--80aehcht5ci1b.xn--p1ai/hostel-podval-pytok,200,true,false,/hostel-podval-pytok/,,ok,crawl|sitemap,,
https://xn--80aehcht5ci1b.xn--p1ai/igra_v_kalmara,200,true,false,/igra_v_kalmara/,,ok,crawl|sitemap,,
https://xn--80aehcht5ci1b.xn--p1ai/igra-v-kalmara-lend,200,false,true,/igra-v-kalmara-lend/,,ok,crawl|hidden_csv|legacy_map|robots,,
https://xn--80aehcht5ci1b.xn--p1ai/indiana,200,true,false,/indiana/,,ok,crawl|sitemap,,
https://xn--80aehcht5ci1b.xn--p1ai/kids,200,true,false,/kids/,,ok,crawl|sitemap,,
https://xn--80aehcht5ci1b.xn--p1ai/kids_spasibo,200,false,true,,/kids/,redirect_ok,crawl|hidden_csv|legacy_map|robots,,
https://xn--80aehcht5ci1b.xn--p1ai/krasnormerskaya103,200,true,false,/krasnormerskaya103/,,ok,crawl|sitemap,,
https://xn--80aehcht5ci1b.xn--p1ai/krestrazh-hunter,200,false,true,,/kvest_v_realnosti_harry_potter_i_krestrazh/,redirect_ok,crawl|hidden_csv|legacy_map|robots,,
https://xn--80aehcht5ci1b.xn--p1ai/krestrazh-kvesttam,200,false,true,,/kvest_v_realnosti_harry_potter_i_krestrazh/,redirect_ok,crawl|hidden_csv|legacy_map|robots,,
https://xn--80aehcht5ci1b.xn--p1ai/kvest_v_realnosti_alcatraz,404,false,false,,,dead_orig,crawl,,
https://xn--80aehcht5ci1b.xn--p1ai/kvest_v_realnosti_dom_prizrakov,200,true,false,/kvest_v_realnosti_dom_prizrakov/,,ok,crawl|sitemap,,
https://xn--80aehcht5ci1b.xn--p1ai/kvest_v_realnosti_fantom,200,true,false,/kvest_v_realnosti_fantom/,,ok,crawl|sitemap,,
https://xn--80aehcht5ci1b.xn--p1ai/kvest_v_realnosti_garri_potter_,200,true,false,/kvest_v_realnosti_garri_potter_/,,ok,crawl|sitemap,,
https://xn--80aehcht5ci1b.xn--p1ai/kvest_v_realnosti_harry_potter_i_krestrazh,200,true,false,/kvest_v_realnosti_harry_potter_i_krestrazh/,,ok,crawl|sitemap,,
https://xn--80aehcht5ci1b.xn--p1ai/kvest_v_realnosti_koralina,200,true,false,/kvest_v_realnosti_koralina/,,ok,crawl|sitemap,,
https://xn--80aehcht5ci1b.xn--p1ai/kvest_v_realnosti_madagaskar,404,false,false,,,dead_orig,crawl,,
https://xn--80aehcht5ci1b.xn--p1ai/kvest_v_realnosti_noch_v_museum_ograblenie,200,true,false,/kvest_v_realnosti_noch_v_museum_ograblenie/,,ok,crawl|sitemap,,
https://xn--80aehcht5ci1b.xn--p1ai/kvest_v_realnosti_ograblenie_banka_bumazhniy_dom,200,true,false,/kvest_v_realnosti_ograblenie_banka_bumazhniy_dom/,,ok,crawl|sitemap,,
https://xn--80aehcht5ci1b.xn--p1ai/kvest_v_realnosti_ono_3,404,false,false,,,dead_orig,crawl,,
https://xn--80aehcht5ci1b.xn--p1ai/kvest_v_realnosti_pirats_karibskogo_morya,404,false,false,,,dead_orig,crawl,,
https://xn--80aehcht5ci1b.xn--p1ai/kvest_v_realnosti_psihbolnitsa,200,true,false,/kvest_v_realnosti_psihbolnitsa/,,ok,crawl|sitemap,,
https://xn--80aehcht5ci1b.xn--p1ai/kvest_v_realnosti_sherlock_holms,200,true,false,/kvest_v_realnosti_sherlock_holms/,,ok,crawl|sitemap,,
https://xn--80aehcht5ci1b.xn--p1ai/kvest_v_realnosti_wednesday,200,true,false,/kvest_v_realnosti_wednesday/,,ok,crawl|sitemap,,
https://xn--80aehcht5ci1b.xn--p1ai/kvest_v_realnosti_zamok_drakuly,200,true,false,/kvest_v_realnosti_zamok_drakuly/,,ok,crawl|sitemap,,
https://xn--80aehcht5ci1b.xn--p1ai/kvest_v_realnosti_zapad,200,true,false,/kvest_v_realnosti_zapad/,,ok,crawl|sitemap,,
https://xn--80aehcht5ci1b.xn--p1ai/kvesty-v-rostove-na-donu/,,false,false,/kvesty-v-rostove-na-donu/,,extra_clone,clone_dist,,
https://xn--80aehcht5ci1b.xn--p1ai/madagaskar-hunter,200,false,true,,/kvesty-v-rostove-na-donu/,redirect_ok,crawl|hidden_csv|legacy_map|robots,,
https://xn--80aehcht5ci1b.xn--p1ai/madagaskar-kvesttam,200,false,true,,/kvesty-v-rostove-na-donu/,redirect_ok,crawl|hidden_csv|legacy_map|robots,,
https://xn--80aehcht5ci1b.xn--p1ai/magnitogorskaya1,200,true,false,/magnitogorskaya1/,,ok,crawl|sitemap,,
https://xn--80aehcht5ci1b.xn--p1ai/meet,404,false,false,,,dead_orig,crawl,,
https://xn--80aehcht5ci1b.xn--p1ai/minecraft,200,true,false,/minecraft/,,ok,crawl|sitemap,,
https://xn--80aehcht5ci1b.xn--p1ai/minecraft-lend,200,false,true,/minecraft-lend/,,ok,crawl|hidden_csv|legacy_map|robots,,
https://xn--80aehcht5ci1b.xn--p1ai/mira27,200,true,false,/mira27/,,ok,crawl|sitemap,,
https://xn--80aehcht5ci1b.xn--p1ai/mystery_shack,200,true,false,/mystery_shack/,,ok,crawl|sitemap,,
https://xn--80aehcht5ci1b.xn--p1ai/nagibina14,200,true,false,/nagibina14/,,ok,crawl|sitemap,,
https://xn--80aehcht5ci1b.xn--p1ai/nansena107,200,true,false,/nansena107/,,ok,crawl|sitemap,,
https://xn--80aehcht5ci1b.xn--p1ai/new-year,200,false,true,/new-year/,,ok,crawl|hidden_csv|legacy_map|robots,,
https://xn--80aehcht5ci1b.xn--p1ai/new-year-2025,200,false,true,/new-year-2025/,/new-year/,redirect_ok,crawl|hidden_csv|legacy_map|robots,,
https://xn--80aehcht5ci1b.xn--p1ai/noch-hunter,200,false,true,,/kvest_v_realnosti_noch_v_museum_ograblenie/,redirect_ok,crawl|hidden_csv|legacy_map|robots,,
https://xn--80aehcht5ci1b.xn--p1ai/noch-kvesttam,200,false,true,,/kvest_v_realnosti_noch_v_museum_ograblenie/,redirect_ok,crawl|hidden_csv|legacy_map|robots,,
https://xn--80aehcht5ci1b.xn--p1ai/ograblenie,404,false,false,,,dead_orig,crawl,,
https://xn--80aehcht5ci1b.xn--p1ai/ono,200,true,false,/ono/,,ok,crawl|sitemap,,
https://xn--80aehcht5ci1b.xn--p1ai/ono-hunter,200,false,true,,/ono/,redirect_ok,crawl|hidden_csv|legacy_map|robots,,
https://xn--80aehcht5ci1b.xn--p1ai/ono-kvesttam,200,false,true,,/ono/,redirect_ok,crawl|hidden_csv|legacy_map|robots,,
https://xn--80aehcht5ci1b.xn--p1ai/page10719803.html,200,false,true,,/,redirect_ok,crawl|hidden_csv|legacy_map|robots,,
https://xn--80aehcht5ci1b.xn--p1ai/page10784153.html,404,false,true,,,dead_orig,robots,,
https://xn--80aehcht5ci1b.xn--p1ai/page131787606.html,200,false,true,,/,redirect_ok,crawl|hidden_csv|legacy_map|robots,,
https://xn--80aehcht5ci1b.xn--p1ai/page17601643.html,200,false,true,,/kvesty-v-rostove-na-donu/,redirect_ok,crawl|hidden_csv|legacy_map|robots,,
https://xn--80aehcht5ci1b.xn--p1ai/page17601875.html,200,false,true,,/kvest_v_realnosti_ograblenie_banka_bumazhniy_dom/,redirect_ok,crawl|hidden_csv|legacy_map|robots,,
https://xn--80aehcht5ci1b.xn--p1ai/page17602182.html,200,false,true,,/kvest_v_realnosti_sherlock_holms/,redirect_ok,crawl|hidden_csv|legacy_map|robots,,
https://xn--80aehcht5ci1b.xn--p1ai/page17602241.html,200,false,true,,/kvesty-v-rostove-na-donu/,redirect_ok,crawl|hidden_csv|legacy_map|robots,,
https://xn--80aehcht5ci1b.xn--p1ai/page17602499.html,200,false,true,,/kvest_v_realnosti_fantom/,redirect_ok,crawl|hidden_csv|legacy_map|robots,,
https://xn--80aehcht5ci1b.xn--p1ai/page17602532.html,200,false,true,,/kvest_v_realnosti_zapad/,redirect_ok,crawl|hidden_csv|legacy_map|robots,,
https://xn--80aehcht5ci1b.xn--p1ai/page17602569.html,200,false,true,,/kvest_v_realnosti_psihbolnitsa/,redirect_ok,crawl|hidden_csv|legacy_map|robots,,
https://xn--80aehcht5ci1b.xn--p1ai/page17602664.html,200,false,true,,/kvesty-v-rostove-na-donu/,redirect_ok,crawl|hidden_csv|legacy_map|robots,,
https://xn--80aehcht5ci1b.xn--p1ai/page17602693.html,200,false,true,,/kvest_v_realnosti_garri_potter_/,redirect_ok,crawl|hidden_csv|legacy_map|robots,,
https://xn--80aehcht5ci1b.xn--p1ai/page17602725.html,200,false,true,,/pirati/,redirect_ok,crawl|hidden_csv|legacy_map|robots,,
https://xn--80aehcht5ci1b.xn--p1ai/page17602753.html,200,false,true,,/ono/,redirect_ok,crawl|hidden_csv|legacy_map|robots,,
https://xn--80aehcht5ci1b.xn--p1ai/page17602790.html,200,false,true,,/kvest_v_realnosti_zamok_drakuly/,redirect_ok,crawl|hidden_csv|legacy_map|robots,,
https://xn--80aehcht5ci1b.xn--p1ai/page17602829.html,200,false,true,,/kvesty-v-rostove-na-donu/,redirect_ok,crawl|hidden_csv|legacy_map|robots,,
https://xn--80aehcht5ci1b.xn--p1ai/page17602893.html,200,false,true,,/kvest_v_realnosti_dom_prizrakov/,redirect_ok,crawl|hidden_csv|legacy_map|robots,,
https://xn--80aehcht5ci1b.xn--p1ai/page17602934.html,200,false,true,,/kvest_v_realnosti_noch_v_museum_ograblenie/,redirect_ok,crawl|hidden_csv|legacy_map|robots,,
https://xn--80aehcht5ci1b.xn--p1ai/page17602969.html,200,false,true,,/kvest_v_realnosti_harry_potter_i_krestrazh/,redirect_ok,crawl|hidden_csv|legacy_map|robots,,
https://xn--80aehcht5ci1b.xn--p1ai/page17604184.html,200,false,true,,/kvesty-v-rostove-na-donu/,redirect_ok,crawl|hidden_csv|legacy_map|robots,,
https://xn--80aehcht5ci1b.xn--p1ai/page17604510.html,200,false,true,,/kvest_v_realnosti_ograblenie_banka_bumazhniy_dom/,redirect_ok,crawl|hidden_csv|legacy_map|robots,,
https://xn--80aehcht5ci1b.xn--p1ai/page17604543.html,200,false,true,,/kvest_v_realnosti_sherlock_holms/,redirect_ok,crawl|hidden_csv|legacy_map|robots,,
https://xn--80aehcht5ci1b.xn--p1ai/page17604674.html,200,false,true,,/kvesty-v-rostove-na-donu/,redirect_ok,crawl|hidden_csv|legacy_map|robots,,
https://xn--80aehcht5ci1b.xn--p1ai/page17604718.html,200,false,true,,/kvest_v_realnosti_fantom/,redirect_ok,crawl|hidden_csv|legacy_map|robots,,
https://xn--80aehcht5ci1b.xn--p1ai/page17604750.html,200,false,true,,/kvest_v_realnosti_zapad/,redirect_ok,crawl|hidden_csv|legacy_map|robots,,
https://xn--80aehcht5ci1b.xn--p1ai/page17605141.html,200,false,true,,/kvest_v_realnosti_psihbolnitsa/,redirect_ok,crawl|hidden_csv|legacy_map|robots,,
https://xn--80aehcht5ci1b.xn--p1ai/page17605205.html,200,false,true,,/kvesty-v-rostove-na-donu/,redirect_ok,crawl|hidden_csv|legacy_map|robots,,
https://xn--80aehcht5ci1b.xn--p1ai/page17605245.html,200,false,true,,/kvest_v_realnosti_garri_potter_/,redirect_ok,crawl|hidden_csv|legacy_map|robots,,
https://xn--80aehcht5ci1b.xn--p1ai/page17605296.html,200,false,true,,/pirati/,redirect_ok,crawl|hidden_csv|legacy_map|robots,,
https://xn--80aehcht5ci1b.xn--p1ai/page17605327.html,200,false,true,,/ono/,redirect_ok,crawl|hidden_csv|legacy_map|robots,,
https://xn--80aehcht5ci1b.xn--p1ai/page17605351.html,200,false,true,,/kvest_v_realnosti_zamok_drakuly/,redirect_ok,crawl|hidden_csv|legacy_map|robots,,
https://xn--80aehcht5ci1b.xn--p1ai/page17605385.html,200,false,true,,/kvesty-v-rostove-na-donu/,redirect_ok,crawl|hidden_csv|legacy_map|robots,,
https://xn--80aehcht5ci1b.xn--p1ai/page17605408.html,200,false,true,,/kvest_v_realnosti_dom_prizrakov/,redirect_ok,crawl|hidden_csv|legacy_map|robots,,
https://xn--80aehcht5ci1b.xn--p1ai/page17605454.html,200,false,true,,/kvest_v_realnosti_noch_v_museum_ograblenie/,redirect_ok,crawl|hidden_csv|legacy_map|robots,,
https://xn--80aehcht5ci1b.xn--p1ai/page17605476.html,200,false,true,,/kvest_v_realnosti_harry_potter_i_krestrazh/,redirect_ok,crawl|hidden_csv|legacy_map|robots,,
https://xn--80aehcht5ci1b.xn--p1ai/page2770471.html,404,false,true,,,dead_orig,robots,,
https://xn--80aehcht5ci1b.xn--p1ai/page3376287.html,404,false,true,,,dead_orig,robots,,
https://xn--80aehcht5ci1b.xn--p1ai/page3406422.html,404,false,true,,,dead_orig,robots,,
https://xn--80aehcht5ci1b.xn--p1ai/page3915959.html,404,false,true,,,dead_orig,robots,,
https://xn--80aehcht5ci1b.xn--p1ai/page40355277.html,200,false,true,,/,redirect_ok,crawl|hidden_csv|legacy_map|robots,,
https://xn--80aehcht5ci1b.xn--p1ai/page41891214.html,200,false,true,,/prazdniki-pod-kluch/,redirect_ok,crawl|hidden_csv|legacy_map|robots,,
https://xn--80aehcht5ci1b.xn--p1ai/page48039931.html,200,false,true,,/,redirect_ok,crawl|hidden_csv|legacy_map|robots,,
https://xn--80aehcht5ci1b.xn--p1ai/page48687287.html,200,false,true,,/,redirect_ok,crawl|hidden_csv|legacy_map|robots,,
https://xn--80aehcht5ci1b.xn--p1ai/page51322757.html,200,false,true,,/privacy/,redirect_ok,crawl|hidden_csv|legacy_map|robots,,
https://xn--80aehcht5ci1b.xn--p1ai/page51922957.html,404,false,true,,,dead_orig,robots,,
https://xn--80aehcht5ci1b.xn--p1ai/page52903497.html,200,false,true,,/contacts/,redirect_ok,crawl|hidden_csv|legacy_map|robots,,
https://xn--80aehcht5ci1b.xn--p1ai/page56207935.html,200,false,true,,/kvesty-v-rostove-na-donu/,redirect_ok,crawl|hidden_csv|legacy_map|robots,,
https://xn--80aehcht5ci1b.xn--p1ai/page56559131.html,200,false,true,,/,redirect_ok,hidden_csv|legacy_map|robots,,
https://xn--80aehcht5ci1b.xn--p1ai/page57141531.html,200,false,true,,/,redirect_ok,hidden_csv|legacy_map|robots,,
https://xn--80aehcht5ci1b.xn--p1ai/page57307963.html,200,false,true,,/minecraft/,redirect_ok,crawl|hidden_csv|legacy_map|robots,,
https://xn--80aehcht5ci1b.xn--p1ai/page59359589.html,200,false,true,,/new-year/,redirect_ok,crawl|hidden_csv|legacy_map|robots,,
https://xn--80aehcht5ci1b.xn--p1ai/page62529067.html,200,false,true,,/kids/,redirect_ok,crawl|hidden_csv|legacy_map|robots,,
https://xn--80aehcht5ci1b.xn--p1ai/page63266477.html,200,false,true,,/igra_v_kalmara/,redirect_ok,crawl|hidden_csv|legacy_map|robots,,
https://xn--80aehcht5ci1b.xn--p1ai/page64505705.html,200,false,true,,/roblox/,redirect_ok,crawl|hidden_csv|legacy_map|robots,,
https://xn--80aehcht5ci1b.xn--p1ai/page69116991.html,200,false,true,,/among_us/,redirect_ok,crawl|hidden_csv|legacy_map|robots,,
https://xn--80aehcht5ci1b.xn--p1ai/page71881007.html,200,false,true,,/,redirect_ok,crawl|hidden_csv|legacy_map|robots,,
https://xn--80aehcht5ci1b.xn--p1ai/page7266054.html,200,false,true,,/,redirect_ok,crawl|hidden_csv|legacy_map|robots,,
https://xn--80aehcht5ci1b.xn--p1ai/page7509361.html,404,false,true,,,dead_orig,robots,,
https://xn--80aehcht5ci1b.xn--p1ai/page7837595.html,200,false,true,,/,redirect_ok,crawl|hidden_csv|legacy_map|robots,,
https://xn--80aehcht5ci1b.xn--p1ai/page87839976.html,200,false,true,,/new-year/,redirect_ok,crawl|hidden_csv|legacy_map|robots,,
https://xn--80aehcht5ci1b.xn--p1ai/party-games,200,true,false,/party-games/,,ok,crawl|sitemap,,
https://xn--80aehcht5ci1b.xn--p1ai/patologiya,200,true,false,/patologiya/,,ok,crawl|sitemap,,
https://xn--80aehcht5ci1b.xn--p1ai/pirate-hunter,200,false,true,,/pirati/,redirect_ok,crawl|hidden_csv|legacy_map|robots,,
https://xn--80aehcht5ci1b.xn--p1ai/pirate-kvesttam,200,false,true,,/pirati/,redirect_ok,crawl|hidden_csv|legacy_map|robots,,
https://xn--80aehcht5ci1b.xn--p1ai/pirati,200,true,false,/pirati/,,ok,crawl|sitemap,,
https://xn--80aehcht5ci1b.xn--p1ai/pl,200,false,true,,/,redirect_ok,crawl|hidden_csv|legacy_map|robots,,
https://xn--80aehcht5ci1b.xn--p1ai/pobeg,200,true,false,/pobeg/,,ok,crawl|sitemap,,
https://xn--80aehcht5ci1b.xn--p1ai/portal-strike,200,true,false,/portal-strike/,,ok,crawl|sitemap,,
https://xn--80aehcht5ci1b.xn--p1ai/portal-strike-kids,200,true,false,/portal-strike-kids/,,ok,crawl|sitemap,,
https://xn--80aehcht5ci1b.xn--p1ai/portal-zombie,200,true,false,/portal-zombie/,,ok,crawl|sitemap,,
https://xn--80aehcht5ci1b.xn--p1ai/prazdnik-maxi,200,true,false,/prazdnik-maxi/,,ok,crawl|sitemap,,
https://xn--80aehcht5ci1b.xn--p1ai/prazdniki-pod-kluch,200,false,true,/prazdniki-pod-kluch/,,ok,crawl|hidden_csv|legacy_map|robots,,
https://xn--80aehcht5ci1b.xn--p1ai/privacy,200,false,true,/privacy/,,ok,crawl|hidden_csv|legacy_map|robots,,
https://xn--80aehcht5ci1b.xn--p1ai/prizrak-hunter,200,false,true,,/kvest_v_realnosti_dom_prizrakov/,redirect_ok,crawl|hidden_csv|legacy_map|robots,,
https://xn--80aehcht5ci1b.xn--p1ai/prizrak-kvesttam,200,false,true,,/kvest_v_realnosti_dom_prizrakov/,redirect_ok,crawl|hidden_csv|legacy_map|robots,,
https://xn--80aehcht5ci1b.xn--p1ai/pryatki_kids,200,true,false,/pryatki_kids/,,ok,crawl|sitemap,,
https://xn--80aehcht5ci1b.xn--p1ai/pryatki_portal,200,true,false,/pryatki_portal/,,ok,crawl|sitemap,,
https://xn--80aehcht5ci1b.xn--p1ai/pryatki_v_temnote,200,true,false,/pryatki_v_temnote/,,ok,crawl|sitemap,,
https://xn--80aehcht5ci1b.xn--p1ai/psihbolnica-kvesttam,200,false,true,,/kvest_v_realnosti_psihbolnitsa/,redirect_ok,crawl|hidden_csv|legacy_map|robots,,
https://xn--80aehcht5ci1b.xn--p1ai/psihbolniza-hunter,200,false,true,,/kvest_v_realnosti_psihbolnitsa/,redirect_ok,crawl|hidden_csv|legacy_map|robots,,
https://xn--80aehcht5ci1b.xn--p1ai/puteshestvie,200,true,false,/puteshestvie/,,ok,crawl|sitemap,,
https://xn--80aehcht5ci1b.xn--p1ai/roblox,200,true,false,/roblox/,,ok,crawl|sitemap,,
https://xn--80aehcht5ci1b.xn--p1ai/roblox-dors,200,true,false,/roblox-dors/,,ok,crawl|sitemap,,
https://xn--80aehcht5ci1b.xn--p1ai/roblox-land,200,false,true,/roblox-land/,,ok,crawl|hidden_csv|legacy_map|robots,,
https://xn--80aehcht5ci1b.xn--p1ai/rostov-99384,404,false,true,,,dead_orig,robots,,
https://xn--80aehcht5ci1b.xn--p1ai/sherlok-hunter,200,false,true,,/kvest_v_realnosti_sherlock_holms/,redirect_ok,crawl|hidden_csv|legacy_map|robots,,
https://xn--80aehcht5ci1b.xn--p1ai/sherlok-kvesttam,200,false,true,,/kvest_v_realnosti_sherlock_holms/,redirect_ok,crawl|hidden_csv|legacy_map|robots,,
https://xn--80aehcht5ci1b.xn--p1ai/shizofreniya,200,true,false,/shizofreniya/,,ok,crawl|sitemap,,
https://xn--80aehcht5ci1b.xn--p1ai/soborni21,404,false,false,,,dead_orig,crawl,,
https://xn--80aehcht5ci1b.xn--p1ai/sobornompereulog80,404,false,false,,,dead_orig,crawl,,
https://xn--80aehcht5ci1b.xn--p1ai/socialicheskaya186,200,true,false,/socialicheskaya186/,,ok,crawl|sitemap,,
https://xn--80aehcht5ci1b.xn--p1ai/sokolova23,200,true,false,/sokolova23/,,ok,crawl|sitemap,,
https://xn--80aehcht5ci1b.xn--p1ai/spasibo,200,false,true,,/,redirect_ok,crawl|hidden_csv|legacy_map|robots,,
https://xn--80aehcht5ci1b.xn--p1ai/strashnye-kvesty,200,true,false,/strashnye-kvesty/,,ok,crawl|sitemap,,
https://xn--80aehcht5ci1b.xn--p1ai/sv,200,false,true,,/,redirect_ok,crawl|hidden_csv|legacy_map|robots,,
https://xn--80aehcht5ci1b.xn--p1ai/tekhasskaya-reznya-benzopiloj,200,true,false,/tekhasskaya-reznya-benzopiloj/,,ok,crawl|sitemap,,
https://xn--80aehcht5ci1b.xn--p1ai/ugon,200,true,false,/ugon/,,ok,crawl|sitemap,,
https://xn--80aehcht5ci1b.xn--p1ai/vypusknoj-kalmar,200,true,false,/vypusknoj-kalmar/,,ok,crawl|sitemap,,
https://xn--80aehcht5ci1b.xn--p1ai/wednesday_ukradennaya_vesch,200,true,false,/wednesday_ukradennaya_vesch/,/wednesday-poteryannaya-dusha/,redirect_ok,crawl|legacy_map|sitemap,,
https://xn--80aehcht5ci1b.xn--p1ai/wednesday-poteryannaya-dusha,200,true,false,/wednesday-poteryannaya-dusha/,,ok,crawl|sitemap,,
https://xn--80aehcht5ci1b.xn--p1ai/zamok-hunter,200,false,true,,/kvest_v_realnosti_zamok_drakuly/,redirect_ok,crawl|hidden_csv|legacy_map|robots,,
https://xn--80aehcht5ci1b.xn--p1ai/zvonok,200,true,false,/zvonok/,,ok,crawl|sitemap,,
