# Verified source-limit exceptions after recovery pass; no image has been upscaled.
# q source: /tmp/q-second-pass-report.json; home source: /tmp/chezakvest-home-image-repair-report.json
scope,status,asset_or_group,routes,local_or_source_size,max_rendered_or_context,required_2x,verified_source,reason
"holiday","source-cap","/assets/q/a253e420c7.webp","/new-year-2025/","1600x482","1160x350 desktop; 350x440 mobile composition","2320x700 desktop; 700x880 mobile","https://optim.tildacdn.com/tild6533-3861-4134-b738-323034333730/-/format/webp/-__1-2.png.webp","Original gift background is retained locally under the required 1600px cap; foreground art is capped below half its source width."
"q","source-not-larger","/assets/q/035acdb993.webp","/patologiya/","1200x806","1200x550","2400x1100","https://static.tildacdn.com/tild3565-6165-4137-b536-353565373135/quest_stars_patologi.jpg","Verified origin is not larger than the existing local WebP after the 1600px long-side cap."
"q","source-not-larger","/assets/q/048b9c68aa.webp","/minecraft-lend/ /minecraft/","630x945","373x249","746x498","https://static.tildacdn.com/tild3466-3163-4433-b838-633538383363/photo_53572970444584.jpg","Verified origin is not larger than the existing local WebP after the 1600px long-side cap."
"q","source-not-larger","/assets/q/050196f952.webp","/among_us/ /amongus-land/ /beguschij_v_labirinte/ /garri-potter-i-kubok-ognya/ /igra-v-kalmara-lend/ /igra_v_kalmara/ /minecraft-lend/ /minecraft/ /pryatki_kids/ /pryatki_v_temnote/ /roblox-dors/ /roblox-land/ /roblox/ /wednesday-poteryannaya-dusha/ /wednesday_ukradennaya_vesch/","700x700","275x367","550x734","https://static.tildacdn.com/tild6162-6630-4636-a134-663762303236/___.jpg","Verified origin is not larger than the existing local WebP after the 1600px long-side cap."
"q","source-not-larger","/assets/q/074188b3c7.webp","/kvest_v_realnosti_koralina/","554x807","373x249","746x498","https://static.tildacdn.com/tild3335-3233-4432-b162-373762303263/IMG_3904.png","Verified origin is not larger than the existing local WebP after the 1600px long-side cap."
"q","source-not-larger","/assets/q/094cc78542.webp","/den-rozhdeniya-uznik-azkabana/","1600x787","1200x550","2400x1100","https://static.tildacdn.com/tild3266-3633-4562-b364-663035643935/Hero_1.jpg","Verified origin is not larger than the existing local WebP after the 1600px long-side cap."
"q","source-not-larger","/assets/q/0cbaa8aa0f.webp","/prazdnik-maxi/","450x450","274x274","548x548","https://static.tildacdn.com/tild3336-6130-4464-b336-336463313232/tempImageclLCMN_1.webp","Verified origin is not larger than the existing local WebP after the 1600px long-side cap."
"q","source-not-larger","/assets/q/0e1551f907.webp","/kvest_v_realnosti_koralina/","624x725","373x249","746x498","https://static.tildacdn.com/tild3731-3637-4335-b032-373935646366/IMG_4030.png","Verified origin is not larger than the existing local WebP after the 1600px long-side cap."
"q","source-not-larger","/assets/q/10518340b1.webp","/den-rozhdeniya-na-vr-arene/","1600x678","1200x550","2400x1100","https://static.tildacdn.com/tild6565-3663-4230-b338-636363623031/_.jpg","Verified origin is not larger than the existing local WebP after the 1600px long-side cap."
"q","source-not-larger","/assets/q/12c397675d.webp","/kvest_v_realnosti_zapad/","110x117","373x249","746x498","https://static.tildacdn.com/tild6566-6632-4464-b433-356630383833/Vector_Smart_Object_.png","Verified origin is not larger than the existing local WebP after the 1600px long-side cap."
"q","source-not-larger","/assets/q/156b8e14e6.webp","/new-year-2025/","600x433","373x249","746x498","https://static.tildacdn.com/tild3238-6261-4135-b662-646561666538/VR3.jpg","Verified origin is not larger than the existing local WebP after the 1600px long-side cap."
"q","source-not-larger","/assets/q/1645a1c206.webp","/prazdnik-maxi/","718x718","262x262","524x524","https://static.tildacdn.com/tild6562-3936-4534-b139-333839336261/-2.jpg","Verified origin is not larger than the existing local WebP after the 1600px long-side cap."
"q","source-not-larger","/assets/q/1b12a78689.webp","/vypusknoj-kalmar/","520x400","262x262","524x524","https://static.tildacdn.com/tild3462-6361-4331-a530-613138666131/_st_block.png","Verified origin is not larger than the existing local WebP after the 1600px long-side cap."
"q","source-not-larger","/assets/q/1e1765bf4c.webp","/kids/","700x700","262x262","524x524","https://static.tildacdn.com/tild3361-3434-4239-b839-373566653432/17653056227838269517.png","Verified origin is not larger than the existing local WebP after the 1600px long-side cap."
"q","source-not-larger","/assets/q/26f254e0b0.webp","/kvest_v_realnosti_koralina/","572x655","373x249","746x498","https://static.tildacdn.com/tild3263-6232-4166-a166-346337306562/IMG_4097.png","Verified origin is not larger than the existing local WebP after the 1600px long-side cap."
"q","source-not-larger","/assets/q/2950393a90.webp","/strashnye-kvesty/","359x359","369x282","738x564","https://static.tildacdn.com/tild3962-6463-4938-a166-303938633931/image-8-2.png","Verified origin is not larger than the existing local WebP after the 1600px long-side cap."
"q","source-not-larger","/assets/q/29a797edf4.webp","/portal-strike-kids/","901x660","1200x550","2400x1100","https://static.tildacdn.com/tild6662-6163-4638-a634-386334333664/_Portal_Strike_Kids.jpg","Verified origin is not larger than the existing local WebP after the 1600px long-side cap."
"q","source-not-larger","/assets/q/2b9e628760.webp","/kids/","718x718","262x262","524x524","https://static.tildacdn.com/tild6562-3936-4534-b139-333839336261/-2.jpg","Verified origin is not larger than the existing local WebP after the 1600px long-side cap."
"q","source-not-larger","/assets/q/32f6298b41.webp","/kvest_v_realnosti_wednesday/","1200x720","1200x550","2400x1100","https://static.tildacdn.com/tild6434-3437-4265-b564-666534353031/Desktop_-_16.png","Verified origin is not larger than the existing local WebP after the 1600px long-side cap."
"q","source-not-larger","/assets/q/346b76e32d.webp","/among_us/ /amongus-land/ /beguschij_v_labirinte/ /garri-potter-i-kubok-ognya/ /igra-v-kalmara-lend/ /igra_v_kalmara/ /minecraft-lend/ /minecraft/ /pryatki_portal/ /pryatki_v_temnote/ /roblox-dors/ /roblox-land/ /roblox/ /wednesday-poteryannaya-dusha/ /wednesday_ukradennaya_vesch/","718x718","275x367","550x734","https://static.tildacdn.com/tild6166-6230-4430-b262-323036316538/_KIDS.jpg","Verified origin is not larger than the existing local WebP after the 1600px long-side cap."
"q","source-not-larger","/assets/q/35c7ea1f49.webp","/new-year-2025/","600x433","373x249","746x498","https://static.tildacdn.com/tild6137-3530-4739-b835-346636653436/VR2.jpg","Verified origin is not larger than the existing local WebP after the 1600px long-side cap."
"q","source-not-larger","/assets/q/3829fe09d0.webp","/den-rozhdeniya-na-vr-arene/","450x450","274x274","548x548","https://static.tildacdn.com/tild3336-6130-4464-b336-336463313232/tempImageclLCMN_1.webp","Verified origin is not larger than the existing local WebP after the 1600px long-side cap."
"q","source-not-larger","/assets/q/3838632926.webp","/strashnye-kvesty/","359x359","369x282","738x564","https://static.tildacdn.com/tild3931-3964-4234-b538-353432663965/image-2-2.png","Verified origin is not larger than the existing local WebP after the 1600px long-side cap."
"q","source-not-larger","/assets/q/39873e35ec.webp","/nagibina14/","359x359","275x367","550x734","https://static.tildacdn.com/tild6262-3937-4636-b935-626464636365/image-4.jpg","Verified origin is not larger than the existing local WebP after the 1600px long-side cap."
"q","source-not-larger","/assets/q/3e3f4ce635.webp","/kvest_v_realnosti_ograblenie_banka_bumazhniy_dom/","1200x800","1160x773","2320x1546","https://static.tildacdn.com/tild3961-6638-4934-b162-623633336637/id_6386942333_0.jpg","Verified origin is not larger than the existing local WebP after the 1600px long-side cap."
"q","source-not-larger","/assets/q/4067e0cef7.webp","/kids/ /prazdniki-pod-kluch/ /vypusknoj-kalmar/","491x491","274x274","548x548","https://static.tildacdn.com/tild3830-3130-4662-b562-386630333361/noroot.png","Verified origin is not larger than the existing local WebP after the 1600px long-side cap."
"q","source-not-larger","/assets/q/4246a3a5f3.webp","/brawl_stars/","220x220","275x367","550x734","https://static.tildacdn.com/tild3366-6639-4233-a231-333165653232/psiqui.jpg","Verified origin is not larger than the existing local WebP after the 1600px long-side cap."
"q","source-not-larger","/assets/q/45ce2a8736.webp","/tekhasskaya-reznya-benzopiloj/","853x1280","1160x1741","2320x3482","https://static.tildacdn.com/tild3530-3537-4161-b065-343062393764/IMG_4988.JPG","Verified origin is not larger than the existing local WebP after the 1600px long-side cap."
"q","source-not-larger","/assets/q/495fd4fa92.webp","/kvest_v_realnosti_zapad/","1000x668","275x367","550x734","https://static.tildacdn.com/tild3037-3861-4664-b532-303363396534/DSC_0453900-2.jpg","Verified origin is not larger than the existing local WebP after the 1600px long-side cap."
"q","source-not-larger","/assets/q/497db38f15.webp","/hostel-podval-pytok/ /kvest_v_realnosti_dom_prizrakov/ /kvest_v_realnosti_fantom/ /kvest_v_realnosti_koralina/ /kvest_v_realnosti_psihbolnitsa/ /ono/ /patologiya/ /shizofreniya/ /tekhasskaya-reznya-benzopiloj/ /zvonok/","700x467","275x367","550x734","https://static.tildacdn.com/tild3466-3963-4064-b831-353563623839/photo_2023-10-30_21-.jpg","Verified origin is not larger than the existing local WebP after the 1600px long-side cap."
"q","source-not-larger","/assets/q/4b1c36e8bc.webp","/new-year-2025/","280x281","274x274","548x548","https://static.tildacdn.com/tild6164-6663-4435-a335-343033303364/Rectangle_15-3.png","Verified origin is not larger than the existing local WebP after the 1600px long-side cap."
"q","source-not-larger","/assets/q/4b6f9840dd.webp","/kvest_v_realnosti_fantom/","718x718","1200x550","2400x1100","https://static.tildacdn.com/tild6131-3339-4437-a661-363836326164/Frame_98.png","Verified origin is not larger than the existing local WebP after the 1600px long-side cap."
"q","source-not-larger","/assets/q/4d2937e385.webp","/kvest_v_realnosti_zapad/ /prazdniki-pod-kluch/","1317x741","275x367","550x734","https://static.tildacdn.com/tild6562-3562-4762-a434-656133363038/noroot.png","Verified origin is not larger than the existing local WebP after the 1600px long-side cap."
"q","source-not-larger","/assets/q/4d3bf53c43.webp","/nagibina14/","359x359","275x367","550x734","https://static.tildacdn.com/tild6535-3432-4163-a163-376464366633/_.jpg","Verified origin is not larger than the existing local WebP after the 1600px long-side cap."
"q","source-not-larger","/assets/q/4fb7b13b5c.webp","/kvest_v_realnosti_zapad/","54x48","373x249","746x498","https://static.tildacdn.com/tild3663-6538-4766-b866-333262336463/Vector_Smart_Object_.png","Verified origin is not larger than the existing local WebP after the 1600px long-side cap."
"q","source-not-larger","/assets/q/50aadfb94e.webp","/kvesty-v-rostove-na-donu/","718x718","365x365","730x730","https://static.tildacdn.com/tild6131-3339-4437-a661-363836326164/Frame_98.png","Verified origin is not larger than the existing local WebP after the 1600px long-side cap."
"q","source-not-larger","/assets/q/50b21a46b0.webp","/kvest_v_realnosti_koralina/","495x558","373x249","746x498","https://static.tildacdn.com/tild3231-6364-4363-a331-636238346133/IMG_3948.png","Verified origin is not larger than the existing local WebP after the 1600px long-side cap."
"q","source-not-larger","/assets/q/51c67323e2.webp","/strashnye-kvesty/","359x359","369x282","738x564","https://static.tildacdn.com/tild3134-3362-4339-a262-323433306137/image-6-2.png","Verified origin is not larger than the existing local WebP after the 1600px long-side cap."
"q","source-not-larger","/assets/q/52f6289aee.webp","/den-rozhdeniya-na-vr-arene/","721x721","373x249","746x498","https://static.tildacdn.com/tild3931-6261-4331-a661-366430393039/photo_2024-06-18_21-.jpg","Verified origin is not larger than the existing local WebP after the 1600px long-side cap."
"q","source-not-larger","/assets/q/531985fad0.webp","/kvest_v_realnosti_sherlock_holms/","960x720","1160x773","2320x1546","https://static.tildacdn.com/tild6465-6666-4061-a437-646464626336/IMG_7373-min_.webp","Verified origin is not larger than the existing local WebP after the 1600px long-side cap."
"q","source-not-larger","/assets/q/54d336e836.webp","/vypusknoj-kalmar/","520x400","262x262","524x524","https://static.tildacdn.com/tild6366-3133-4136-b933-653137333462/_st_block.png","Verified origin is not larger than the existing local WebP after the 1600px long-side cap."
"q","source-not-larger","/assets/q/572837bf49.webp","/wednesday-poteryannaya-dusha/ /wednesday_ukradennaya_vesch/","728x1337","1200x550","2400x1100","https://static.tildacdn.com/tild6237-6338-4664-a639-306464653233/tempImagePVWdhK_1-2.png","Verified origin is not larger than the existing local WebP after the 1600px long-side cap."
"q","source-not-larger","/assets/q/5c1b73b72a.webp","/kids/","1200x1228","620x634","1240x1268","https://static.tildacdn.com/tild3063-6366-4335-b333-313261323431/_.png","Verified origin is not larger than the existing local WebP after the 1600px long-side cap."
"q","source-not-larger","/assets/q/6520eb94b0.webp","/vypusknoj-kalmar/","520x400","262x262","524x524","https://static.tildacdn.com/tild3563-6236-4435-b539-336539323632/_st_block.png","Verified origin is not larger than the existing local WebP after the 1600px long-side cap."
"q","source-not-larger","/assets/q/65a864dcb1.webp","/pryatki_portal/","901x660","1200x550","2400x1100","https://static.tildacdn.com/tild6236-3035-4736-b237-646162626431/2.png","Verified origin is not larger than the existing local WebP after the 1600px long-side cap."
"q","source-not-larger","/assets/q/65ea1782eb.webp","/among_us/ /amongus-land/ /beguschij_v_labirinte/ /garri-potter-i-kubok-ognya/ /igra-v-kalmara-lend/ /igra_v_kalmara/ /minecraft-lend/ /minecraft/ /pryatki_kids/ /pryatki_portal/ /roblox-dors/ /roblox-land/ /roblox/ /wednesday-poteryannaya-dusha/ /wednesday_ukradennaya_vesch/","718x718","275x367","550x734","https://static.tildacdn.com/tild3761-3735-4430-b832-373637653537/__.jpg","Verified origin is not larger than the existing local WebP after the 1600px long-side cap."
"q","source-not-larger","/assets/q/6ed1bdd692.webp","/kids/","603x905","373x249","746x498","https://static.tildacdn.com/tild3536-3538-4666-a132-313662373136/photo_51931340829162.jpg","Verified origin is not larger than the existing local WebP after the 1600px long-side cap."
"q","source-not-larger","/assets/q/6f0d8572e7.webp","/prazdnik-maxi/","1600x892","1200x550","2400x1100","https://static.tildacdn.com/tild6161-6331-4336-a539-363837396139/PC_fon.webp","Verified origin is not larger than the existing local WebP after the 1600px long-side cap."
"q","source-not-larger","/assets/q/7126915c41.webp","/hostel-podval-pytok/ /kvest_v_realnosti_dom_prizrakov/ /kvest_v_realnosti_fantom/ /kvest_v_realnosti_psihbolnitsa/ /kvest_v_realnosti_zamok_drakuly/ /ono/ /patologiya/ /shizofreniya/ /tekhasskaya-reznya-benzopiloj/ /zvonok/","700x466","275x367","550x734","https://static.tildacdn.com/tild6663-6465-4565-a664-383235633133/IMG_3972.png","Verified origin is not larger than the existing local WebP after the 1600px long-side cap."
"q","source-not-larger","/assets/q/75f45ec15e.webp","/kvest_v_realnosti_zapad/","54x48","373x249","746x498","https://static.tildacdn.com/tild3934-6132-4863-a234-666334393738/Vector_Smart_Object_.png","Verified origin is not larger than the existing local WebP after the 1600px long-side cap."
"q","source-not-larger","/assets/q/75fd92014a.webp","/kvest_v_realnosti_garri_potter_/","1200x772","1160x773","2320x1546","https://static.tildacdn.com/tild6564-3539-4236-a231-646138356663/--3.jpg","Verified origin is not larger than the existing local WebP after the 1600px long-side cap."
"q","source-not-larger","/assets/q/764862d04e.webp","/among_us/ /amongus-land/ /beguschij_v_labirinte/ /garri-potter-i-kubok-ognya/ /igra-v-kalmara-lend/ /igra_v_kalmara/ /minecraft-lend/ /minecraft/ /ono/ /party-games/ /portal-strike-kids/ /portal-strike/ /portal-zombie/ /pryatki_kids/ /pryatki_portal/ /pryatki_v_temnote/ /roblox-dors/ /roblox-land/ /roblox/ /tekhasskaya-reznya-benzopiloj/ /wednesday-poteryannaya-dusha/ /wednesday_ukradennaya_vesch/ /zvonok/","700x700","262x262","524x524","https://static.tildacdn.com/tild3361-3434-4239-b839-373566653432/17653056227838269517.png","Verified origin is not larger than the existing local WebP after the 1600px long-side cap."
"q","source-not-larger","/assets/q/7689e0ca0f.webp","/kvest_v_realnosti_zapad/","18x14","373x249","746x498","https://static.tildacdn.com/tild3263-6230-4964-b763-343131643634/ok.png","Verified origin is not larger than the existing local WebP after the 1600px long-side cap."
"q","source-not-larger","/assets/q/77081e8355.webp","/ugon/","500x500","373x249","746x498","https://static.tildacdn.com/tild3163-6137-4063-a139-666130303664/ugonpng-2.webp","Verified origin is not larger than the existing local WebP after the 1600px long-side cap."
"q","source-not-larger","/assets/q/7a3b499788.webp","/vypusknoj-kalmar/","520x400","262x262","524x524","https://static.tildacdn.com/tild6330-3737-4631-b733-373236626239/Portal_Strike.png","Verified origin is not larger than the existing local WebP after the 1600px long-side cap."
"q","source-not-larger","/assets/q/7c05392bc8.webp","/den-rozhdeniya-uznik-azkabana/","428x643","373x249","746x498","https://static.tildacdn.com/tild6461-6432-4661-b838-666265313732/image.jpg","Verified origin is not larger than the existing local WebP after the 1600px long-side cap."
"q","source-not-larger","/assets/q/7d00bd58e9.webp","/new-year-2025/","721x721","373x249","746x498","https://static.tildacdn.com/tild3662-6466-4436-a636-376234363361/photo_2024-06-18_21-.jpg","Verified origin is not larger than the existing local WebP after the 1600px long-side cap."
"q","source-not-larger","/assets/q/7d972e47c9.webp","/prazdniki-pod-kluch/","1200x806","275x367","550x734","https://static.tildacdn.com/tild3031-3364-4563-a332-386561363965/zakrytaya_zona_ne_po.jpg","Verified origin is not larger than the existing local WebP after the 1600px long-side cap."
"q","source-not-larger","/assets/q/7e6b2dde60.webp","/prazdniki-pod-kluch/","1600x857","275x367","550x734","https://static.tildacdn.com/tild3463-6537-4334-b764-356130383639/_.jpg","Verified origin is not larger than the existing local WebP after the 1600px long-side cap."
"q","source-not-larger","/assets/q/7eba8c62f8.webp","/hostel-podval-pytok/ /kvest_v_realnosti_dom_prizrakov/ /kvest_v_realnosti_fantom/ /kvest_v_realnosti_koralina/ /kvest_v_realnosti_zamok_drakuly/ /ono/ /patologiya/ /shizofreniya/ /tekhasskaya-reznya-benzopiloj/ /zvonok/","359x359","275x367","550x734","https://static.tildacdn.com/tild3366-3663-4536-a538-373466313034/-2.png","Verified origin is not larger than the existing local WebP after the 1600px long-side cap."
"q","source-not-larger","/assets/q/7f1a4a0b91.webp","/kvest_v_realnosti_zapad/ /prazdniki-pod-kluch/","1600x1068","275x367","550x734","https://static.tildacdn.com/tild6436-3863-4665-a338-623535643838/LAT_6091-2-2.jpg","Verified origin is not larger than the existing local WebP after the 1600px long-side cap."
"q","source-not-larger","/assets/q/80c181cfa3.webp","/among_us/ /amongus-land/ /garri-potter-i-kubok-ognya/ /igra-v-kalmara-lend/ /igra_v_kalmara/ /minecraft-lend/ /minecraft/ /pryatki_kids/ /pryatki_portal/ /pryatki_v_temnote/ /roblox-dors/ /roblox-land/ /roblox/ /wednesday-poteryannaya-dusha/ /wednesday_ukradennaya_vesch/","700x700","275x367","550x734","https://static.tildacdn.com/tild6235-6565-4530-b165-376662386538/__.jpg","Verified origin is not larger than the existing local WebP after the 1600px long-side cap."
"q","source-not-larger","/assets/q/86f1156fce.webp","/portal-strike/","901x660","1200x550","2400x1100","https://static.tildacdn.com/tild6638-3266-4265-b939-343332346234/_Portal_Strike.png","Verified origin is not larger than the existing local WebP after the 1600px long-side cap."
"q","source-not-larger","/assets/q/963f7a3c9d.webp","/kvest_v_realnosti_koralina/","624x778","373x249","746x498","https://static.tildacdn.com/tild3261-3066-4736-a165-633262636166/IMG_4022.png","Verified origin is not larger than the existing local WebP after the 1600px long-side cap."
"q","source-not-larger","/assets/q/99d1942b4a.webp","/kvest_v_realnosti_garri_potter_/ /kvest_v_realnosti_noch_v_museum_ograblenie/ /kvest_v_realnosti_ograblenie_banka_bumazhniy_dom/ /kvest_v_realnosti_sherlock_holms/ /kvest_v_realnosti_wednesday/","360x360","275x367","550x734","https://static.tildacdn.com/tild3431-6537-4539-b938-346138366463/____.png","Verified origin is not larger than the existing local WebP after the 1600px long-side cap."
"q","source-not-larger","/assets/q/9df44e4b30.webp","/socialicheskaya186/","539x539","275x367","550x734","https://static.tildacdn.com/tild3163-6466-4635-a162-383363633539/image-8-2.jpg","Verified origin is not larger than the existing local WebP after the 1600px long-side cap."
"q","source-not-larger","/assets/q/a2f67f21e1.webp","/kvest_v_realnosti_zapad/","95x91","373x249","746x498","https://static.tildacdn.com/tild6465-3161-4232-b062-663735653861/Vector_Smart_Object_.png","Verified origin is not larger than the existing local WebP after the 1600px long-side cap."
"q","source-not-larger","/assets/q/aa88f8ca34.webp","/kvesty-v-rostove-na-donu/","728x1337","365x365","730x730","https://static.tildacdn.com/tild6237-6338-4664-a639-306464653233/tempImagePVWdhK_1-2.png","Verified origin is not larger than the existing local WebP after the 1600px long-side cap."
"q","source-not-larger","/assets/q/aa916240ee.webp","/indiana/","1000x668","1200x550","2400x1100","https://static.tildacdn.com/tild3037-3861-4664-b532-303363396534/DSC_0453900-2.jpg","Verified origin is not larger than the existing local WebP after the 1600px long-side cap."
"q","source-not-larger","/assets/q/ab08128f47.webp","/new-year-2025/","261x261","274x274","548x548","https://static.tildacdn.com/tild3466-6166-4663-a234-666264393264/Rectangle_21_1.png","Verified origin is not larger than the existing local WebP after the 1600px long-side cap."
"q","source-not-larger","/assets/q/ab71a7cd83.webp","/strashnye-kvesty/","359x359","369x282","738x564","https://static.tildacdn.com/tild6163-3534-4263-a665-393734656662/image-7-2.png","Verified origin is not larger than the existing local WebP after the 1600px long-side cap."
"q","source-not-larger","/assets/q/abacf2edc6.webp","/among_us/ /amongus-land/ /beguschij_v_labirinte/ /garri-potter-i-kubok-ognya/ /igra-v-kalmara-lend/ /igra_v_kalmara/ /minecraft-lend/ /minecraft/ /pryatki_kids/ /pryatki_portal/ /pryatki_v_temnote/ /roblox-dors/ /roblox-land/ /roblox/","1200x1480","275x367","550x734","https://static.tildacdn.com/tild6165-6437-4431-a535-373435373037/__.webp","Verified origin is not larger than the existing local WebP after the 1600px long-side cap."
"q","unknown-origin","/assets/q/ac5fa6a7a3.webp","/vypusknoj-kalmar/","700x525","568x220","1136x440","","No URL in _capture/asset-urls.json or _capture/pages JSON matches this capture hash."
"q","source-not-larger","/assets/q/b2df30a90f.webp","/vypusknoj-kalmar/","520x400","262x262","524x524","https://static.tildacdn.com/tild3464-6665-4961-b665-363365666438/___st_block.png","Verified origin is not larger than the existing local WebP after the 1600px long-side cap."
"q","source-not-larger","/assets/q/b2fa9a5245.webp","/","1010x375","1010x375","2020x750","https://static.tildacdn.com/tild6638-6235-4436-a164-646337663663/_15.png","Verified origin is not larger than the existing local WebP after the 1600px long-side cap."
"q","source-not-larger","/assets/q/c112ccb2aa.webp","/kvest_v_realnosti_zapad/","1200x806","275x367","550x734","https://static.tildacdn.com/tild3434-6438-4938-a637-633430623562/bombaquest_hostel_po.jpg","Verified origin is not larger than the existing local WebP after the 1600px long-side cap."
"q","source-not-larger","/assets/q/c3181340e6.webp","/strashnye-kvesty/","359x359","369x282","738x564","https://static.tildacdn.com/tild3762-6563-4666-a238-393732393663/image-5-2.png","Verified origin is not larger than the existing local WebP after the 1600px long-side cap."
"q","source-not-larger","/assets/q/c715e67eb0.webp","/beguschij_v_labirinte/ /den-rozhdeniya-uznik-azkabana/ /garri-potter-i-kubok-ognya/ /igra-v-kalmara-lend/ /igra_v_kalmara/ /minecraft-lend/ /minecraft/ /pryatki_kids/ /pryatki_portal/ /pryatki_v_temnote/ /roblox-dors/ /roblox-land/ /roblox/ /wednesday-poteryannaya-dusha/ /wednesday_ukradennaya_vesch/","700x700","275x367","550x734","https://static.tildacdn.com/tild3361-3434-4239-b839-373566653432/17653056227838269517.png","Verified origin is not larger than the existing local WebP after the 1600px long-side cap."
"q","source-not-larger","/assets/q/c7e518b333.webp","/kids/ /prazdniki-pod-kluch/","458x458","274x274","548x548","https://static.tildacdn.com/tild3231-6564-4735-a239-353165663535/noroot.png","Verified origin is not larger than the existing local WebP after the 1600px long-side cap."
"q","source-not-larger","/assets/q/cd6195828b.webp","/new-year-2025/","721x721","373x249","746x498","https://static.tildacdn.com/tild3662-6466-4436-a636-376234363361/photo_2024-06-18_21-.jpg","Verified origin is not larger than the existing local WebP after the 1600px long-side cap."
"q","source-not-larger","/assets/q/cda3e7b518.webp","/hostel-podval-pytok/ /kvest_v_realnosti_dom_prizrakov/ /kvest_v_realnosti_fantom/ /kvest_v_realnosti_koralina/ /kvest_v_realnosti_psihbolnitsa/ /kvest_v_realnosti_zamok_drakuly/ /patologiya/ /shizofreniya/ /tekhasskaya-reznya-benzopiloj/ /zvonok/","718x718","275x367","550x734","https://static.tildacdn.com/tild6665-6232-4066-b532-616561616363/image-10-2.jpg","Verified origin is not larger than the existing local WebP after the 1600px long-side cap."
"q","source-not-larger","/assets/q/ce2fec6888.webp","/strashnye-kvesty/","359x359","369x282","738x564","https://static.tildacdn.com/tild3430-6563-4631-a563-356539343637/image-3-2.png","Verified origin is not larger than the existing local WebP after the 1600px long-side cap."
"q","source-not-larger","/assets/q/cefd6c9c46.webp","/among_us/ /amongus-land/ /beguschij_v_labirinte/ /garri-potter-i-kubok-ognya/ /igra-v-kalmara-lend/ /igra_v_kalmara/ /minecraft-lend/ /minecraft/ /ono/ /party-games/ /portal-strike-kids/ /portal-strike/ /portal-zombie/ /pryatki_kids/ /pryatki_portal/ /pryatki_v_temnote/ /roblox-dors/ /roblox-land/ /roblox/ /tekhasskaya-reznya-benzopiloj/ /wednesday-poteryannaya-dusha/ /wednesday_ukradennaya_vesch/ /zvonok/","718x718","262x262","524x524","https://static.tildacdn.com/tild6562-3936-4534-b139-333839336261/-2.jpg","Verified origin is not larger than the existing local WebP after the 1600px long-side cap."
"q","source-not-larger","/assets/q/cf806fe1e3.webp","/hostel-podval-pytok/ /kvest_v_realnosti_fantom/ /kvest_v_realnosti_koralina/ /kvest_v_realnosti_psihbolnitsa/ /kvest_v_realnosti_zamok_drakuly/ /ono/ /patologiya/ /shizofreniya/ /tekhasskaya-reznya-benzopiloj/ /zvonok/","700x467","275x367","550x734","https://static.tildacdn.com/tild6166-6132-4639-b634-663165326432/LAT_6091-2.jpg","Verified origin is not larger than the existing local WebP after the 1600px long-side cap."
"q","source-not-larger","/assets/q/cf907e84be.webp","/nagibina14/","359x359","275x367","550x734","https://static.tildacdn.com/tild3436-3664-4361-b363-363263316463/image-8-2.jpg","Verified origin is not larger than the existing local WebP after the 1600px long-side cap."
"q","source-not-larger","/assets/q/d5fed6d185.webp","/kvest_v_realnosti_koralina/","585x814","373x249","746x498","https://static.tildacdn.com/tild6365-3132-4638-a630-366165326464/IMG_3914.png","Verified origin is not larger than the existing local WebP after the 1600px long-side cap."
"q","source-not-larger","/assets/q/d621abd216.webp","/strashnye-kvesty/","359x359","369x282","738x564","https://static.tildacdn.com/tild6362-6531-4865-a330-316661386539/image-4.png","Verified origin is not larger than the existing local WebP after the 1600px long-side cap."
"q","source-not-larger","/assets/q/da6a813157.webp","/prazdniki-pod-kluch/","1600x1067","275x367","550x734","https://static.tildacdn.com/tild3663-3163-4934-a566-336335666437/run-2.jpg","Verified origin is not larger than the existing local WebP after the 1600px long-side cap."
"q","source-not-larger","/assets/q/daba198669.webp","/hostel-podval-pytok/","1200x806","1200x550","2400x1100","https://static.tildacdn.com/tild3434-6438-4938-a637-633430623562/bombaquest_hostel_po.jpg","Verified origin is not larger than the existing local WebP after the 1600px long-side cap."
"q","source-not-larger","/assets/q/db30d14bdb.webp","/brawl_stars/","328x220","275x367","550x734","https://static.tildacdn.com/tild3638-6666-4562-b830-626435653662/bombaquest_hostel_po.png","Verified origin is not larger than the existing local WebP after the 1600px long-side cap."
"q","source-not-larger","/assets/q/db5d371539.webp","/kvest_v_realnosti_psihbolnitsa/","1200x801","1200x550","2400x1100","https://static.tildacdn.com/tild6632-3638-4331-b039-353038343264/1648103416_3-kartink.png","Verified origin is not larger than the existing local WebP after the 1600px long-side cap."
"q","source-not-larger","/assets/q/dc6e1b9cb3.webp","/prazdnik-maxi/","600x433","262x262","524x524","https://static.tildacdn.com/tild6435-3633-4234-b166-633430396161/photo.jpg","Verified origin is not larger than the existing local WebP after the 1600px long-side cap."
"q","source-not-larger","/assets/q/dcaea49c7e.webp","/","1010x375","1010x375","2020x750","https://static.tildacdn.com/tild3030-3032-4366-b139-373938643134/_005.png","Verified origin is not larger than the existing local WebP after the 1600px long-side cap."
"q","source-not-larger","/assets/q/dd944fd1c0.webp","/new-year-2025/","600x433","373x249","746x498","https://static.tildacdn.com/tild6137-3530-4739-b835-346636653436/VR2.jpg","Verified origin is not larger than the existing local WebP after the 1600px long-side cap."
"q","source-not-larger","/assets/q/df78826d3a.webp","/kids/ /prazdniki-pod-kluch/ /vypusknoj-kalmar/","465x465","274x274","548x548","https://static.tildacdn.com/tild3635-3962-4134-b738-353735346234/noroot.png","Verified origin is not larger than the existing local WebP after the 1600px long-side cap."
"q","source-not-larger","/assets/q/e08583c1b7.webp","/kvest_v_realnosti_noch_v_museum_ograblenie/","1200x806","1200x550","2400x1100","https://static.tildacdn.com/tild3031-3364-4563-a332-386561363965/zakrytaya_zona_ne_po.jpg","Verified origin is not larger than the existing local WebP after the 1600px long-side cap."
"q","source-not-larger","/assets/q/e284a95388.webp","/party-games/","901x660","1200x550","2400x1100","https://static.tildacdn.com/tild3165-3330-4535-b635-346334383462/_Party_Games.jpg","Verified origin is not larger than the existing local WebP after the 1600px long-side cap."
"q","source-not-larger","/assets/q/e2ba648872.webp","/kids/ /prazdniki-pod-kluch/ /vypusknoj-kalmar/","469x469","274x274","548x548","https://static.tildacdn.com/tild3834-3730-4065-b561-363835313731/noroot.png","Verified origin is not larger than the existing local WebP after the 1600px long-side cap."
"q","source-not-larger","/assets/q/e450d8e388.webp","/prazdniki-pod-kluch/","1600x900","275x367","550x734","https://static.tildacdn.com/tild6532-3566-4561-b639-346162366165/Frame_8-2.jpg","Verified origin is not larger than the existing local WebP after the 1600px long-side cap."
"q","source-not-larger","/assets/q/e49e00f181.webp","/vypusknoj-kalmar/","1600x685","1200x550","2400x1100","https://static.tildacdn.com/tild3130-3432-4231-a166-333333343932/__.jpg","Verified origin is not larger than the existing local WebP after the 1600px long-side cap."
"q","source-not-larger","/assets/q/e6341565de.webp","/new-year-2025/","260x261","274x274","548x548","https://static.tildacdn.com/tild3437-3438-4735-a337-356561303564/Rectangle_19_2_1.png","Verified origin is not larger than the existing local WebP after the 1600px long-side cap."
"q","source-not-larger","/assets/q/e6b87ab45d.webp","/strashnye-kvesty/","359x359","369x282","738x564","https://static.tildacdn.com/tild3235-3538-4433-b735-396236303862/image-10-2.png","Verified origin is not larger than the existing local WebP after the 1600px long-side cap."
"q","source-not-larger","/assets/q/eae9e32b68.webp","/den-rozhdeniya-na-vr-arene/","1200x855","1160x773","2320x1546","https://static.tildacdn.com/tild3032-3630-4539-b636-303163646634/_.png","Verified origin is not larger than the existing local WebP after the 1600px long-side cap."
"q","source-not-larger","/assets/q/f4196df202.webp","/strashnye-kvesty/","359x359","369x282","738x564","https://static.tildacdn.com/tild6565-6663-4430-b834-313634336365/image-9-2.png","Verified origin is not larger than the existing local WebP after the 1600px long-side cap."
"q","source-not-larger","/assets/q/f7f6bd85fe.webp","/new-year-2025/","280x281","274x274","548x548","https://static.tildacdn.com/tild6364-3435-4335-a361-333635393663/Rectangle_15-3.png","Verified origin is not larger than the existing local WebP after the 1600px long-side cap."
"q","unknown-origin","/assets/q/map-40letpobedy216.webp","/40letpobedy216/","1400x389","1160x322","2320x644","","No URL in _capture/asset-urls.json or _capture/pages JSON matches this capture hash."
"q","unknown-origin","/assets/q/map-guardeskypereulog61.webp","/guardeskypereulog61/","1400x389","1160x322","2320x644","","No URL in _capture/asset-urls.json or _capture/pages JSON matches this capture hash."
"q","unknown-origin","/assets/q/map-krasnormerskaya103.webp","/krasnormerskaya103/","1400x389","1160x322","2320x644","","No URL in _capture/asset-urls.json or _capture/pages JSON matches this capture hash."
"q","unknown-origin","/assets/q/map-magnitogorskaya1.webp","/magnitogorskaya1/","1400x389","1160x322","2320x644","","No URL in _capture/asset-urls.json or _capture/pages JSON matches this capture hash."
"q","unknown-origin","/assets/q/map-mira27.webp","/mira27/","1400x389","1160x322","2320x644","","No URL in _capture/asset-urls.json or _capture/pages JSON matches this capture hash."
"q","unknown-origin","/assets/q/map-nagibina14.webp","/nagibina14/","1400x389","1160x322","2320x644","","No URL in _capture/asset-urls.json or _capture/pages JSON matches this capture hash."
"q","unknown-origin","/assets/q/map-nansena107.webp","/nansena107/","1400x389","1160x322","2320x644","","No URL in _capture/asset-urls.json or _capture/pages JSON matches this capture hash."
"q","unknown-origin","/assets/q/map-socialicheskaya186.webp","/socialicheskaya186/","1400x389","1160x322","2320x644","","No URL in _capture/asset-urls.json or _capture/pages JSON matches this capture hash."
"q","unknown-origin","/assets/q/map-sokolova23.webp","/sokolova23/","1400x389","1160x322","2320x644","","No URL in _capture/asset-urls.json or _capture/pages JSON matches this capture hash."
"home","source-or-cap-limit","/assets/_static/hero_dungeon_1200.webp","","Tilda original 1479×891","1200 CSS px","","Tilda original 1479×891","Source is smaller than the 2400-px strict 2× requirement; no upscale performed."
"home","source-or-cap-limit","/assets/_static/reviews_desktop.webp","","1514×1600 q82 due 1600-px cap","1160 CSS px","","Live Tilda HiDPI capture 2320×2452","The requested 1600-px storage cap prevents strict 2× at 1160 CSS px. Need a cap exception or max display width ≤757px for strict 2×."
"home","source-or-cap-limit","/assets/_static/map.webp","","1160×428","","","","No static Tilda source was available: live Tilda map remained an uninitialised JS container after a 10-second on-screen wait. Do not upscale the stored map screenshot."
"home","source-or-cap-limit","/assets/_static/card_party_games.webp","","528×528 q82 composite","~360 CSS px","","background 536×528 + overlay 643×644","The original background is below the 720-px strict 2× threshold; no larger Tilda original exists."
"home","source-or-cap-limit","Home card photos/overlays","","photos 359–540px; overlays 643–646px","~360 CSS px","","photos 359–540px; overlays 643–646px","At 360 CSS px strict 2× needs 720px. Source originals are smaller. Reduce card width to ≤269px for 539px photos / ≤321px for 643px overlays, or accept source-limit exceptions."
"home","source-or-cap-limit","/assets/optim.tildacdn.com/tild6537-3037-4763-b532-383030323031/-/format/webp/FOTO_PARTY_MAIN_.png.webp","","1600×883 q82","","","1680×927","At a 1200px-wide desktop background strict 2× would require 2400px; original is source-limited and the storage cap applies."
